
INSERT INTO person (person_id,first_name,last_name,person_number,street,zip,city)
VALUES
  (1,'Elizabeth','Swanson',198167701316,'187-6885 Vivamus Rd.','796421','Vallepietra'),
  (2,'Drew','Brady',196706147921,'P.O. Box 931, 9955 Magna. Avenue','40871-119','Campbelltown'),
  (3,'Ciara','Mcbride',196237799363,'973 Diam Rd.','8335','Pishin Valley'),
  (4,'Clayton','Wiley',197189223852,'1115 Dui Rd.','29831-85886','Chippenham'),
  (5,'Rebecca','Morgan',194526731317,'P.O. Box 216, 5333 Sed Road','21115','Western Islands'),
  (6,'MacKensie','Guzman',197492230628,'951-7710 Vehicula Av.','XS1V 9SX','Payakumbuh'),
  (7,'Jolene','Acosta',198374247629,'P.O. Box 851, 7872 Magnis Rd.','68213','Varendonk'),
  (8,'Minerva','Dillard',194376397163,'800-4304 Tristique Road','8482','Suwałki'),
  (9,'Morgan','Mccullough',194388518973,'Ap #871-1359 Vel, Road','86810-005','Neustrelitz'),
  (10,'Lester','Levine',200465081150,'9274 Phasellus Avenue','697649','Valparaíso de Goiás');
INSERT INTO person (person_id,first_name,last_name,person_number,street,zip,city)
VALUES
  (11,'Keaton','Hicks',200753025273,'375-8809 Lectus, Rd.','65324','Ladysmith'),
  (12,'Dora','Williams',194113988121,'264-3564 Nisl St.','53868','Tam Kỳ'),
  (13,'Xavier','Holcomb',194046812038,'Ap #285-2338 Eget Rd.','50111','Oviedo'),
  (14,'Carlos','Mcleod',199811316353,'702-6123 Est St.','277457','Weißenfels'),
  (15,'Eugenia','Higgins',198119494779,'P.O. Box 512, 9788 Iaculis St.','56222','Dipolog'),
  (16,'Hector','Poole',198115153169,'659-2164 Augue. St.','33333','Dégelis'),
  (17,'Katelyn','Huffman',194240197330,'Ap #202-7212 Ipsum Road','336269','Pioneer'),
  (18,'Reuben','Sears',197549551091,'Ap #314-5464 Nec, Rd.','38570','Jeongeup'),
  (19,'Amity','Baldwin',194199206890,'415-4841 Eget, Ave','745820','Mỹ Tho'),
  (20,'Ori','Robertson',197381285891,'Ap #283-5517 Inceptos Rd.','14154','Belfast');
INSERT INTO person (person_id,first_name,last_name,person_number,street,zip,city)
VALUES
  (21,'Louis','Burke',195517791729,'9165 Turpis. St.','AB4 2XN','Likino-Dulyovo'),
  (22,'Fredericka','Meyers',198895136237,'Ap #392-7588 Nullam Avenue','1565','Zierikzee'),
  (23,'Keegan','Rosario',196508733379,'Ap #200-601 Nisl Av.','6335','Dublin'),
  (24,'Wade','Perry',197144638331,'Ap #427-3626 Dolor, Rd.','47-41','Eindhoven'),
  (25,'Carl','Whitfield',199201048086,'4934 Dolor Av.','17028','Cañas'),
  (26,'Yen','Boyer',196818129751,'Ap #945-3284 Ligula. Avenue','14688','Soma'),
  (27,'Colorado','Glass',194253690319,'6210 Vitae, Road','525591','Neuruppin'),
  (28,'Chava','Tyson',199083616795,'6769 Risus Avenue','9657 LR','Onitsha'),
  (29,'Keaton','Hale',198567536684,'Ap #663-6661 Erat St.','K4C 1V8','Maranguape'),
  (30,'Libby','Dillon',194555000548,'149-3543 Fames Rd.','101720','Sicuani');
INSERT INTO person (person_id,first_name,last_name,person_number,street,zip,city)
VALUES
  (31,'Leah','Little',196752757058,'944-8902 Eu, Av.','61123','Serangoon'),
  (32,'Patrick','Bush',195833283497,'Ap #614-3588 Nibh St.','636293','Wollongong'),
  (33,'Wylie','Reynolds',198778051951,'603-7754 Pellentesque St.','519725','Chiclayo'),
  (34,'Kareem','Finch',195270161312,'729-3028 Congue. Ave','31060-40755','Malambo'),
  (35,'Kyle','Ramos',195909050634,'Ap #140-4776 Facilisis, Av.','20346-86148','Baguio'),
  (36,'Kermit','Compton',196804477141,'4344 Enim. Av.','48145','Chiclayo'),
  (37,'Adele','Eaton',194626696649,'595-3687 Pretium Rd.','286985','Paradise'),
  (38,'Demetrius','Hahn',196603595014,'P.O. Box 601, 9194 Cursus Road','68511','Bilaspur'),
  (39,'Helen','Mckay',199691093032,'369-8343 Arcu Avenue','24320','Picton'),
  (40,'Dexter','Hartman',196964863642,'P.O. Box 968, 1524 Vehicula Ave','262242','Vadsø');
INSERT INTO person (person_id,first_name,last_name,person_number,street,zip,city)
VALUES
  (41,'Hall','Underwood',197473062664,'6720 Conubia Av.','372847','Westport'),
  (42,'Jolie','Kirk',193932932780,'1139 Ante, Road','466951','Tokoroa'),
  (43,'Audrey','Ross',193568355087,'1454 Vel, St.','399087','Tarsus'),
  (44,'Brianna','Rosales',197982115331,'7101 Ante St.','74714-356','The Hague'),
  (45,'Steel','Wyatt',194936880770,'280-3892 A Rd.','22418','Fort Smith'),
  (46,'Lillith','Tate',197430315194,'Ap #347-2043 Ut Rd.','64782-26165','Sudhanoti'),
  (47,'Macaulay','Joseph',195734246162,'1964 Velit Rd.','6404','Elverum'),
  (48,'Brendan','Kline',196158213376,'Ap #483-5818 Est. Road','364213','Van'),
  (49,'Macaulay','Young',200086985412,'Ap #754-6694 Nullam Ave','7796 LT','Dera Bugti'),
  (50,'Brett','Hopkins',199414714138,'926-8726 Nisl Road','685191','Manokwari');
INSERT INTO person (person_id,first_name,last_name,person_number,street,zip,city)
VALUES
  (51,'James','Dennis',199469934346,'Ap #478-3914 Sed St.','67744-28294','Wellington'),
  (52,'Chanda','Crawford',196045311344,'776-4697 Cursus St.','11114','Mandaue'),
  (53,'Martena','Blackwell',194768375959,'518-1744 Egestas Road','371639','Florø'),
  (54,'Levi','Barton',196426975445,'116-8921 Diam Street','6458','Meppel'),
  (55,'Hadassah','Patel',194771439960,'913-6656 Sed Street','29594','Gebze'),
  (56,'Dora','Harmon',197093955837,'1134 Cras Road','633764','Tarsus'),
  (57,'Jeanette','Bradshaw',195929796124,'Ap #896-9127 Eros. Street','1664','San Antonio'),
  (58,'Joel','Murphy',200020404094,'Ap #180-7451 A Street','286675','Itabuna'),
  (59,'Henry','Haynes',194313083259,'Ap #689-2580 Eget Street','q8P 4G7','Itanagar'),
  (60,'Hedley','Baldwin',194335636020,'562-7101 Donec Rd.','12706','Murcia');
INSERT INTO person (person_id,first_name,last_name,person_number,street,zip,city)
VALUES
  (61,'Michelle','Gonzales',199510132614,'935-488 Ipsum. St.','41763','Butuan'),
  (62,'Hannah','Ellis',195301216793,'Ap #689-7681 Laoreet Av.','688914','Southern Islands'),
  (63,'Eric','Keller',197959540394,'Ap #773-4052 Phasellus Street','537743','Piedras Negras'),
  (64,'Deacon','Haney',200209829515,'P.O. Box 196, 138 Felis. Av.','8483','Piedras Negras'),
  (65,'Martina','Wheeler',194666014243,'P.O. Box 359, 9219 Eleifend Rd.','G4T 2QM','Amstelveen'),
  (66,'Tiger','Farley',194644285343,'9019 Facilisis St.','1736','Contulmo'),
  (67,'Ishmael','Buckner',195534476581,'P.O. Box 241, 4418 Nulla Street','8822','Çermik'),
  (68,'Roary','Henderson',195109335091,'9982 Curabitur St.','67766-758','Hall in Tirol'),
  (69,'Zelda','Ratliff',195279319147,'7800 Vitae Road','37-87','Samara'),
  (70,'Omar','Barlow',195732223857,'P.O. Box 419, 5583 Vestibulum. St.','65068-732','Brummunddal');
INSERT INTO person (person_id,first_name,last_name,person_number,street,zip,city)
VALUES
  (71,'Elmo','Strong',195333798726,'P.O. Box 880, 4869 Interdum Rd.','S7P 5Y4','Skudeneshavn'),
  (72,'Elliott','Brewer',197622039371,'Ap #330-9518 Quis St.','74476','Zutphen'),
  (73,'Neville','Barrera',194604707636,'441-7346 Scelerisque, Road','68657-215','Changi'),
  (74,'Aquila','Jennings',194325677435,'147-8934 Ligula. St.','45061-162','Harrogate'),
  (75,'Fritz','Estrada',200704576432,'585-4243 Eu Ave','65049-866','Culiacán'),
  (76,'Salvador','Cummings',195367051688,'P.O. Box 601, 738 Parturient Avenue','38137987','Palu'),
  (77,'Portia','Salinas',197519026926,'2336 Non, Street','928377','Irkutsk'),
  (78,'Reece','Frost',200731387303,'P.O. Box 785, 942 Cum Rd.','38584','Antalya'),
  (79,'Carter','Malone',198762694238,'P.O. Box 667, 8135 Erat. Rd.','166776','Lambayeque'),
  (80,'Ava','Walls',200591637365,'Ap #456-6673 Felis Street','36-43','Dumaguete');
INSERT INTO person (person_id,first_name,last_name,person_number,street,zip,city)
VALUES
  (81,'Bruce','Dunlap',198792409851,'Ap #115-1018 Rhoncus. Rd.','26-22','Burnie'),
  (82,'Desirae','Collins',200476245539,'840-6418 Dictum St.','262121','Brive-la-Gaillarde'),
  (83,'Rowan','Dunn',193053249686,'6915 Nec Road','676795','Singkawang'),
  (84,'Evan','Rasmussen',200276519799,'Ap #920-6188 In St.','543314','Wedel'),
  (85,'Yoshi','Alston',199858501621,'789-3525 Velit Street','30502','Dutse'),
  (86,'Maite','Valenzuela',199582156066,'Ap #202-5734 Lacus. Ave','2581','Gorontalo'),
  (87,'Marvin','Sexton',194140742471,'546-3594 Habitant Rd.','985977','Dublin'),
  (88,'Erasmus','Jackson',195433607801,'Ap #960-1923 Nonummy Ave','334750','Iloilo City'),
  (89,'Ashely','Mathis',199651491872,'P.O. Box 610, 9887 Libero. Avenue','224264','Tehuacán'),
  (90,'John','Snow',198512826120,'964-1410 Purus Ave','69-425','Haripur');
INSERT INTO person (person_id,first_name,last_name,person_number,street,zip,city)
VALUES
  (91,'Colt','Allison',195664190478,'184-1322 Cum Rd.','773045','Nedlands'),
  (92,'Evan','Marshall',197856238836,'2342 Nec Road','64304','Yeosu'),
  (93,'Nayda','Wall',193347510119,'Ap #855-4665 Cum Ave','45205','Quảng Ngãi'),
  (94,'Anjolie','Hubbard',199600377334,'Ap #696-8007 Ultrices. St.','177616','Newton Stewart'),
  (95,'Dante','Avila',197874450936,'3927 Nulla Ave','93-47','Hồ Chí Minh City'),
  (96,'Avye','Walls',196655809627,'Ap #560-2911 A St.','8428','Putre'),
  (97,'Nyssa','Greer',200723376364,'P.O. Box 252, 231 Arcu Ave','KH5A 8RJ','Novosibirsk'),
  (98,'Curran','Miranda',198800799588,'862-3912 Erat. Av.','G8V 0S5','Rostov'),
  (99,'Echo','Sutton',200189297350,'P.O. Box 440, 3608 Vitae Rd.','08111','Pioneer'),
  (100,'Dexter','Petersen',193080619206,'193-8497 Ornare. Av.','611812','Göteborg');
INSERT INTO person (person_id,first_name,last_name,person_number,street,zip,city)
VALUES
  (101,'Zephania','Bowman',193338623935,'725-4600 Phasellus Ave','6189','Paz de Ariporo'),
  (102,'Hayes','Woodward',193969238368,'Ap #372-5849 Nisi Avenue','972286','Moscow'),
  (103,'Tarik','Woodard',197360170001,'P.O. Box 637, 3698 Mollis St.','686224','Ollolai'),
  (104,'Brady','Reyes',197447253327,'P.O. Box 286, 3726 Mauris Av.','613215','Đà Nẵng'),
  (105,'Nelle','Solomon',200556892351,'Ap #135-9912 Neque Rd.','52-28','Lima'),
  (106,'Madeline','Rojas',199060041183,'P.O. Box 400, 8547 Facilisis Avenue','81007','San Jose del Monte'),
  (107,'Astra','Robles',196309263564,'P.O. Box 402, 4350 Congue, Road','754576','Oslo'),
  (108,'Cain','Avery',196397227066,'7213 Feugiat. Street','623572','Whakatane'),
  (109,'Nicole','Boone',198862807031,'227-7872 Ornare, Rd.','17408','Kamyzyak'),
  (110,'Chaney','Chang',193723924398,'P.O. Box 440, 1993 Arcu. Avenue','8585-2865','Toba Tek Singh');
INSERT INTO person (person_id,first_name,last_name,person_number,street,zip,city)
VALUES
  (111,'Olympia','Pacheco',198512875665,'267 Donec Road','21895','Watson Lake'),
  (112,'Yolanda','Page',198625973773,'674-2577 Lorem Street','17114','Vetlanda'),
  (113,'Ira','Glover',195449416436,'870-4359 Eros. Ave','5278 ZQ','Mokpo'),
  (114,'Cassandra','Jacobson',199864274151,'Ap #606-6967 Pretium Avenue','5888','Bonavista'),
  (115,'Ignatius','Reynolds',198036417204,'Ap #786-7382 Sit St.','81968','Geesthacht'),
  (116,'Amity','Mullins',194183719990,'914-2258 In Av.','T4K 6B5','Racine'),
  (117,'James','Case',200150993705,'2132 Auctor St.','88152','Chungju'),
  (118,'Dolan','Holloway',199020826346,'641-6714 Turpis Rd.','90952','Scunthorpe'),
  (119,'Raja','Barton',195570154631,'5260 Ultrices Rd.','2658','Klerksdorp'),
  (120,'Anjolie','Green',195861918245,'7033 Odio Road','6588','Trujillo');
INSERT INTO person (person_id,first_name,last_name,person_number,street,zip,city)
VALUES
  (121,'Desiree','Duran',194157370734,'Ap #645-6174 Nec Rd.','3528','Hainan'),
  (122,'Hakeem','Key',198063994276,'Ap #496-2160 Ac Avenue','13877','Falun'),
  (123,'Asher','Wagner',195768001436,'348-7851 Rhoncus Av.','625574','Tczew'),
  (124,'Nathaniel','Williamson',198781166324,'Ap #238-5856 Sapien Road','6210','Santander'),
  (125,'Lisandra','Albert',193556361145,'499-9228 Faucibus. Rd.','78647','Bo‘lhe'),
  (126,'Harriet','Schneider',199582548602,'905-6012 Congue. Rd.','88292','Ponsacco'),
  (127,'Reed','Mcguire',194216662308,'Ap #668-2336 Nulla St.','38523','Eugene'),
  (128,'Heidi','Hutchinson',193527952092,'555-6139 Donec Av.','7595','Bailivre'),
  (129,'Zoe','Marshall',198453112035,'9801 Sem Av.','862764','Bogotá'),
  (130,'Lucas','Cameron',196765208333,'Ap #664-2772 Metus. Road','1605 YS','Pachuca');
INSERT INTO person (person_id,first_name,last_name,person_number,street,zip,city)
VALUES
  (131,'Tanner','Simmons',197901672642,'179-8068 Erat Avenue','8719','East London'),
  (132,'Elijah','Bass',198572080936,'P.O. Box 433, 2494 Lectus St.','35068','Kaluga'),
  (133,'Marvin','Mckinney',193973412699,'628-2044 Urna. Ave','28955','Belfast'),
  (134,'Kalia','Kerr',198655883884,'Ap #792-3365 Tristique Rd.','86967','Bischofshofen'),
  (135,'Leah','Noel',199037644785,'162-6755 Rhoncus. Av.','22738','Tanjung Pinang'),
  (136,'Simone','Gay',197206393195,'3231 Dolor Road','0027-8831','Marbella'),
  (137,'Rinah','Johns',197011957913,'503-8435 Cursus, Ave','48364','Guadalupe'),
  (138,'Nevada','Hurley',193875204187,'5632 Aliquet Rd.','86578-58611','Launceston'),
  (139,'Nathaniel','Bender',193504691647,'666-7828 Arcu. Avenue','31-33','Cork'),
  (140,'Suki','Dudley',200779252011,'451-5762 Morbi Avenue','7649 CI','Meppel');
INSERT INTO person (person_id,first_name,last_name,person_number,street,zip,city)
VALUES
  (141,'Ulric','Ware',200985622493,'Ap #461-5002 Nostra, Street','966125','Dublin'),
  (142,'Roary','Ball',199394886776,'Ap #213-5450 Sociis Street','7572','Soledad de Graciano Sánchez'),
  (143,'Zeus','Kim',199054429958,'P.O. Box 920, 751 Dapibus St.','638754','Thủ Dầu Một'),
  (144,'Amber','Reyes',200474897274,'P.O. Box 563, 3183 Vulputate Rd.','40603','Sevastopol'),
  (145,'Magee','Puckett',200257301117,'Ap #107-6149 Vitae, St.','5325','Tranent'),
  (146,'Alexandra','Woodward',193695604389,'199-1593 Non, Av.','336188','Boryspil'),
  (147,'Noble','Kirby',198159812314,'308-4889 Venenatis Street','27267','Lithgow'),
  (148,'Finn','Lamb',196811490814,'Ap #804-1873 Elit. Ave','8341','Linköping'),
  (149,'Barbara','Malone',197036199919,'775-8004 Turpis Street','53141','Terneuzen'),
  (150,'Clark','Hutchinson',193963057421,'Ap #883-3768 Feugiat. Avenue','566530','Slough');
INSERT INTO person (person_id,first_name,last_name,person_number,street,zip,city)
VALUES
  (151,'Cherokee','Bass',194693233169,'Ap #738-3632 Mollis. Rd.','32718','Borås'),
  (152,'Mollie','Puckett',194461595558,'5499 Est Rd.','26-108','Kharkiv'),
  (153,'Signe','Morin',196098209842,'304-5632 Etiam Avenue','63136','Sloviansk'),
  (154,'Palmer','Pittman',194260964773,'790-3056 Habitant Street','35649','Heilongjiang'),
  (155,'Zane','Kim',194386036303,'Ap #824-3721 Phasellus Road','11204','Coihaique'),
  (156,'Barclay','Armstrong',198963192682,'111-7603 Suspendisse Avenue','66111','Minitonas'),
  (157,'Marcia','Marsh',196919550836,'Ap #519-1175 Mauris Ave','95464-86218','Turrialba'),
  (158,'Aphrodite','Sweeney',195796663861,'721-7296 Interdum Road','29387','Pietermaritzburg'),
  (159,'Elijah','Bradshaw',193407326851,'Ap #812-639 Ultrices. St.','579873','Heusweiler'),
  (160,'Suki','Mercer',195749774946,'433-3913 Sed Rd.','674956','Liverpool');
INSERT INTO person (person_id,first_name,last_name,person_number,street,zip,city)
VALUES
  (161,'Alden','House',199453335361,'P.O. Box 649, 9017 Nullam Rd.','85241','Uijeongbu'),
  (162,'Geoffrey','Hurst',193310940327,'261-8207 Arcu. Avenue','85325','Guizhou'),
  (163,'Nayda','Mcknight',197863999713,'497-3674 Mollis St.','16073','Balashikha'),
  (164,'Kaseem','Atkins',197664908435,'7034 Phasellus Avenue','7055 EY','Opole'),
  (165,'Alma','Riddle',198899881073,'8207 Scelerisque Av.','59487','Ponta Grossa'),
  (166,'Christen','Stark',198338145745,'9636 Vel Rd.','964483','Charlottetown'),
  (167,'Nevada','Skinner',195578152912,'927-3404 Porttitor Road','807382','Calder'),
  (168,'Gay','Simon',196409294685,'994-8657 Fermentum Avenue','804361','Oaxaca'),
  (169,'Hamilton','Holder',194396332812,'661 Lectus St.','07788','Iqaluit'),
  (170,'Wendy','Kemp',196621129223,'856-8954 Lectus Street','46141','Erciş');
INSERT INTO person (person_id,first_name,last_name,person_number,street,zip,city)
VALUES
  (171,'Lamar','Davenport',199924727927,'Ap #490-2563 Magna. Avenue','1986-6631','Neerharen'),
  (172,'Odysseus','Schroeder',196558877824,'Ap #436-6215 Ut St.','1895 GT','Karachi'),
  (173,'Abel','Hardin',199225142878,'416-3324 Morbi Ave','1224 NS','Tarma'),
  (174,'Coby','Holcomb',200242433850,'650-6950 Suspendisse Ave','6852','Gurgaon'),
  (175,'Christopher','Patrick',199620339346,'3612 Sit Rd.','465873','Tranås'),
  (176,'Fiona','Sanford',197770188975,'Ap #638-3191 Ullamcorper. Street','828091','IJlst'),
  (177,'Carolyn','Harris',200976809219,'218-7349 Ante Rd.','27889-564','Santander'),
  (178,'Macaulay','Key',195658029746,'Ap #557-1109 Massa. Street','7591 SX','Helena'),
  (179,'Abel','Randall',199296849620,'P.O. Box 205, 1143 Phasellus St.','Y6Y 6G7','Bourges'),
  (180,'Walker','Pratt',200773565667,'595-5145 Gravida Road','92607-773','Grado');
INSERT INTO person (person_id,first_name,last_name,person_number,street,zip,city)
VALUES
  (181,'Thor','Cameron',193416484106,'Ap #360-9349 Et Rd.','760303','Cockburn'),
  (182,'Carson','Baxter',197103126969,'Ap #108-4393 Risus. Avenue','32-718','Lamitan'),
  (183,'Tanek','Heath',194989935583,'Ap #176-2462 Sit Street','41787','Naga'),
  (184,'Raymond','Randall',197118615386,'Ap #447-718 In Rd.','83343','Nagar'),
  (185,'Emily','Stanley',196293385346,'4214 Pede Av.','30664','San Cristóbal de las Casas'),
  (186,'Desirae','Hatfield',200084455520,'Ap #906-1674 Tristique St.','25846','Brevik'),
  (187,'Diana','Olson',194685323470,'P.O. Box 150, 8570 Pellentesque, Rd.','2960','Sohbatpur'),
  (188,'Paula','Estes',194712282067,'222 Lacinia Rd.','8880 JK','Chungju'),
  (189,'Hoyt','Potts',198400942504,'Ap #688-2457 Ut Ave','1766','Maicao'),
  (190,'Hamilton','Joyce',198300631715,'704-8456 Maecenas Ave','4122','Jeju');
INSERT INTO person (person_id,first_name,last_name,person_number,street,zip,city)
VALUES
  (191,'Naida','Brown',197887796972,'985-4172 Purus Av.','35367286','Istmina'),
  (192,'Juliet','Bentley',194131977148,'P.O. Box 535, 9813 Amet Av.','634752','Pskov'),
  (193,'Paloma','Dunn',196163868811,'Ap #699-3303 Nam Av.','398967','Victor Harbor'),
  (194,'Reuben','Noble',193784867310,'Ap #994-3640 Non Avenue','746430','Canberra'),
  (195,'Michael','Strickland',200139744373,'Ap #955-6821 Ornare St.','4277','Okene'),
  (196,'Jennifer','Walls',193778166672,'Ap #227-6087 Fermentum Ave','4818','Izmir'),
  (197,'Tiger','Knight',196133532140,'592-7177 Ligula. Av.','7827','Bay Roberts'),
  (198,'Joel','Weaver',199352074355,'787-8988 Est. Av.','769718','Missoula'),
  (199,'Cain','Gamble',200423312435,'4819 Tortor Ave','8650','Sint-Jans-Molenbeek'),
  (200,'Stone','Hayden',197210282923,'P.O. Box 366, 1568 Bibendum. Ave','132324','Cassano Spinola');
INSERT INTO person (person_id,first_name,last_name,person_number,street,zip,city)
VALUES
  (201,'Timothy','Martin',198554608206,'P.O. Box 975, 9648 Eget Av.','52276','Thabazimbi'),
  (202,'Madaline','Lewis',196609170215,'660-4557 Nec, St.','35-012','Queenstown'),
  (203,'Abraham','Shannon',200735814293,'Ap #463-6048 At, Road','24013','Almere'),
  (204,'Tucker','Sears',194035107277,'5347 Pulvinar Rd.','96376-473','Pagadian'),
  (205,'Rogan','Wheeler',200568443435,'Ap #887-2583 Metus. Avenue','2550','João Pessoa'),
  (206,'Aileen','Hancock',195724116817,'5886 Sapien. Rd.','600284','Muradiye'),
  (207,'Tarik','Vang',199902787663,'P.O. Box 726, 6120 Etiam Ave','6888','Kapfenberg'),
  (208,'Mari','Vincent',200379905134,'Ap #848-1077 Mollis. Road','14487','Balanga'),
  (209,'Serena','Burton',195674652477,'300-883 Faucibus Av.','31754','Chilpancingo'),
  (210,'Melyssa','Mitchell',193932611124,'Ap #851-1165 In Av.','67670','Yeosu');
INSERT INTO person (person_id,first_name,last_name,person_number,street,zip,city)
VALUES
  (211,'Deanna','Freeman',197348643077,'Ap #409-785 Tempor Rd.','85171','Ercilla'),
  (212,'Sarah','Horton',198718448758,'Ap #693-2876 Eros Ave','1134','Cuernavaca'),
  (213,'Dominique','Cervantes',200632090367,'9548 Eu Av.','743828','Springs'),
  (214,'Georgia','Montgomery',195898062820,'P.O. Box 932, 678 Pede. Avenue','9513','Ryazan'),
  (215,'Lisandra','Becker',199407932660,'Ap #199-8207 Metus. St.','1747','Bauchi'),
  (216,'Noble','Perkins',195541704896,'Ap #703-2376 Lobortis Ave','376192','Clarksville'),
  (217,'Chancellor','Bullock',196772144217,'Ap #433-5821 Amet St.','42403','Finspång'),
  (218,'Daphne','Cobb',195991590941,'Ap #239-790 Ultrices. Av.','429354','San Pedro de Atacama'),
  (219,'Upton','Richards',196913959839,'697-3191 Ad Avenue','462970','Keumiee'),
  (220,'Dane','Stewart',198987096418,'6250 Mollis Rd.','5681','Voronezh');
INSERT INTO person (person_id,first_name,last_name,person_number,street,zip,city)
VALUES
  (221,'Damon','Sanchez',198529339263,'P.O. Box 676, 8263 Eu Rd.','ZN5I 4LN','Hinckley'),
  (222,'Axel','Francis',197090909532,'Ap #928-9802 Dolor Road','7469','Lago Verde'),
  (223,'Ulysses','Ramos',194081838669,'P.O. Box 636, 3456 Diam. Avenue','585340','Şanlıurfa'),
  (224,'Arden','Johnson',193390343353,'Ap #644-8531 Vel, Road','63041','Brisbane'),
  (225,'Hall','Lowe',193608016244,'4702 Ultricies Street','40749','Constitución'),
  (226,'Ulysses','Page',199598137662,'354-8913 Lectus St.','823331','Stoke-on-Trent'),
  (227,'Dylan','Gallegos',193023259882,'Ap #577-8045 In Rd.','12322','Vinh'),
  (228,'David','Reed',199232407648,'Ap #967-7967 Gravida St.','3440','The Hague'),
  (229,'Austin','Morris',194544815029,'Ap #678-621 Feugiat Rd.','62967-636','Dunedin'),
  (230,'Ferdinand','Cooke',195431939825,'732-4780 Mi Rd.','27515','Ulloa (Barrial]');
INSERT INTO person (person_id,first_name,last_name,person_number,street,zip,city)
VALUES
  (231,'Rhea','Marsh',199542454414,'Ap #505-2300 Ligula Ave','6306','Dunedin'),
  (232,'Iris','Hull',198191644887,'859-7901 Eget Av.','7208','Zhejiang'),
  (233,'Wyatt','Vazquez',200915075817,'Ap #586-9410 Placerat. Rd.','28542','Hammerfest'),
  (234,'Eve','Rocha',196283804128,'Ap #114-3583 Viverra. St.','186005','Makurdi'),
  (235,'McKenzie','Mccarthy',200673044569,'150-5273 Nisl St.','31718','Pohang'),
  (236,'Dacey','Garrett',198358668536,'225-1818 Lectus Av.','184623','Odessa'),
  (237,'Claire','Strong',198689580831,'669-393 Aliquam Road','12-510','Kinross'),
  (238,'Chastity','Beard',198852644586,'Ap #703-3179 Sem, Rd.','56887','Izmail'),
  (239,'Ashton','Fleming',193098711068,'869-9081 Facilisis Rd.','C6V 9K7','Vienna'),
  (240,'Montana','Carpenter',196582147400,'621-4383 Sit St.','12-732','Koszalin');
INSERT INTO person (person_id,first_name,last_name,person_number,street,zip,city)
VALUES
  (241,'Reagan','Raymond',198153201898,'P.O. Box 471, 7586 Sodales Avenue','35685','Katsina'),
  (242,'Martha','Skinner',197139288255,'3409 Vestibulum, Street','54571','Galway'),
  (243,'Athena','Strickland',194799572084,'P.O. Box 453, 1493 Pharetra Av.','356215','San Cristóbal de las Casas'),
  (244,'Meredith','Dominguez',195908296469,'383-5401 Ac Road','767416','Ikot Ekpene'),
  (245,'Igor','Goodman',193468423286,'P.O. Box 613, 9821 Eros Rd.','0775','Pleiku'),
  (246,'Adrienne','Glover',196414348836,'Ap #395-5746 Nullam St.','9481','Ilhéus'),
  (247,'Sybill','Justice',193294060151,'965-6482 Scelerisque Ave','593351','Kalush'),
  (248,'Selma','Dudley',195768310773,'P.O. Box 611, 9387 Donec Av.','67371','Lagos'),
  (249,'Yasir','Stewart',196763286745,'Ap #546-782 Egestas, Rd.','66578','Saint John'),
  (250,'Donna','Gomez',199408185892,'P.O. Box 627, 3111 Sit Road','56998','Rum');
INSERT INTO person (person_id,first_name,last_name,person_number,street,zip,city)
VALUES
  (251,'Shelly','Dickerson',193370904679,'P.O. Box 237, 5331 Rhoncus Av.','3732','Ashburton'),
  (252,'Walker','Schroeder',196681617450,'Ap #565-7267 Natoque Rd.','73313','Cork'),
  (253,'Roth','Copeland',198984355693,'7421 Risus. Ave','7871','Ereğli'),
  (254,'Kathleen','Dalton',193262414704,'557-7768 Sit Street','668186','Speyer'),
  (255,'Jameson','Gill',193251305338,'P.O. Box 955, 7642 Nonummy Ave','619521','Moncton'),
  (256,'Ahmed','Macdonald',199058307416,'608-8461 Aliquet Avenue','A8M 5G4','Berwick'),
  (257,'Salvador','Roman',199208229683,'Ap #443-951 Proin Av.','3033','Hougang'),
  (258,'Carl','Hinton',200512782908,'950-5157 Cras Road','06387','Concepción'),
  (259,'Iris','Haney',200251465674,'Ap #225-1077 Massa. Rd.','8486','Mérida'),
  (260,'Calvin','Henson',199834531556,'P.O. Box 304, 9396 Sem St.','21365','Motala');
INSERT INTO person (person_id,first_name,last_name,person_number,street,zip,city)
VALUES
  (261,'Christopher','Mccarty',198808809800,'P.O. Box 313, 7434 Sapien Street','45881','Smila'),
  (262,'Hedy','Thomas',198489512254,'153-4154 Eu, St.','325788','Karacabey'),
  (263,'Arthur','Valenzuela',199100252947,'Ap #544-5507 Lacus Av.','318842','Fujian'),
  (264,'Nerea','Beasley',199420330651,'7760 Aliquet Rd.','6642','Albury'),
  (265,'Brandon','Baldwin',199821006611,'8664 Sem. St.','237553','Minitonas'),
  (266,'Sawyer','Bird',194245919410,'Ap #716-4474 Iaculis St.','259015','Suwałki'),
  (267,'Amy','Perkins',195695011778,'P.O. Box 724, 8377 Nulla Ave','88834','Jhang'),
  (268,'Xander','Whitaker',200100587438,'857-3176 Phasellus St.','982007','Shimanovsk'),
  (269,'Charles','Hobbs',198452457530,'P.O. Box 651, 900 Erat, St.','5510','Valparaíso de Goiás'),
  (270,'Ignatius','Church',194701859933,'Ap #156-6338 A Street','842359','Cervino');
INSERT INTO person (person_id,first_name,last_name,person_number,street,zip,city)
VALUES
  (271,'Quin','Cardenas',195406795342,'P.O. Box 445, 8220 Rutrum Av.','58331','Novomoskovsk'),
  (272,'Dominic','Mathis',197132601735,'Ap #817-4043 Hendrerit. Rd.','688793','Finspång'),
  (273,'Urielle','Monroe',199118602793,'Ap #279-9383 Nam Ave','4295','Bruck an der Mur'),
  (274,'Maryam','Terry',193069751046,'Ap #581-6873 In Rd.','748094','Nuevo Laredo'),
  (275,'Tarik','Mclean',196193266540,'1969 Nunc Street','341120','Singkawang'),
  (276,'Dominique','Mcbride',196296539357,'266-8145 Etiam Ave','815382','San Juan (San Juan de Tibás]'),
  (277,'Chantale','Barr',199444535022,'P.O. Box 829, 6375 Semper Street','15234','Gjoa Haven'),
  (278,'Chandler','Greene',199659480521,'Ap #168-5736 Elit, Av.','5852','Brandon'),
  (279,'Serina','Morrow',197278745248,'Ap #868-706 Leo, Road','424376','Merthyr Tydfil'),
  (280,'Noelle','Singleton',199739158192,'9793 Suspendisse Av.','63567','Cork');
INSERT INTO person (person_id,first_name,last_name,person_number,street,zip,city)
VALUES
  (281,'Victoria','Gregory',197731397421,'P.O. Box 604, 8834 Donec Ave','364226','Nelspruit'),
  (282,'Hyatt','Watkins',198334073940,'653-6057 Eget Rd.','1867','Huancayo'),
  (283,'Linus','Hall',200011508813,'P.O. Box 995, 9926 Auctor Street','17855','Zwettl-Niederösterreich'),
  (284,'Kellie','Rios',198175971923,'P.O. Box 854, 5144 Hendrerit Rd.','11474','Mukachevo'),
  (285,'Vance','Stafford',196123363637,'Ap #911-6653 Cursus St.','57074','Gualdo Cattaneo'),
  (286,'Hu','Green',196364522628,'Ap #799-6039 Nulla Street','494832','Gangneung'),
  (287,'Jelani','Hendrix',197187358430,'P.O. Box 637, 4627 Justo. Road','23522','Tucson'),
  (288,'Reese','Lowe',198366880677,'Ap #624-3183 Quisque Avenue','82-742','Baton Rouge'),
  (289,'Patience','Leonard',194119034818,'997-2477 A Road','5346','Quillota'),
  (290,'Aladdin','Freeman',196988372772,'Ap #314-6664 Proin Ave','488145','Rostov');
INSERT INTO person (person_id,first_name,last_name,person_number,street,zip,city)
VALUES
  (291,'Elton','Mueller',194827015303,'4085 Integer Rd.','161524','Torreón'),
  (292,'Jessamine','Roy',199095538642,'Ap #371-4153 Ipsum Rd.','675288','Uribia'),
  (293,'Ahmed','Bowen',196303129736,'572-3054 Tincidunt. Road','972892','Baden'),
  (294,'Elvis','Colon',197337607505,'Ap #166-6448 Mus. Rd.','8523','Pietracatella'),
  (295,'Evangeline','Bentley',195435825044,'311-7598 Nonummy Avenue','L5T 3C6','Tanjungbalai'),
  (296,'Cherokee','Dotson',197709580725,'629-711 Urna, Rd.','452485','Nazilli'),
  (297,'Hyatt','Lara',193882144717,'P.O. Box 929, 6304 Feugiat. Road','0357 CU','Rycroft'),
  (298,'Silas','Watts',197772283622,'725-325 Amet, Rd.','24802','Ciudad Apodaca'),
  (299,'Ruth','Haynes',194383396777,'473-4925 Nisl. Road','86458','San Gregorio'),
  (300,'Raymond','Norton',194640798094,'Ap #649-978 Praesent Street','887986','Builth Wells');
INSERT INTO person (person_id,first_name,last_name,person_number,street,zip,city)
VALUES
  (301,'Latifah','Carroll',194300167268,'6922 Fringilla Av.','62824-740','Iquitos'),
  (302,'Allen','Mooney',200823529151,'Ap #947-5730 Eu Road','42215-89935','Elbląg'),
  (303,'Signe','Goodwin',193627997189,'P.O. Box 259, 4217 Suspendisse Ave','5814','Kano'),
  (304,'Colette','Hanson',199113270930,'Ap #882-2774 Turpis. Avenue','A5M 2B8','Zierikzee'),
  (305,'James','Hinton',200411127309,'Ap #950-6609 Lectus Road','248373','Malambo'),
  (306,'Kylynn','Hurley',195423136127,'Ap #168-5843 Mi St.','71616','Malkajgiri'),
  (307,'Clarke','Allison',198456620269,'P.O. Box 156, 3609 Ac Avenue','51654','Monterrey'),
  (308,'Lewis','Collier',197545808265,'P.O. Box 670, 925 Suspendisse Rd.','3467','Łódź'),
  (309,'Todd','Mendez',193975224617,'Ap #430-9264 Tellus St.','4581','Jeju'),
  (310,'Jena','King',200197295577,'401-8966 Adipiscing. Street','27524','Mjölby');
INSERT INTO person (person_id,first_name,last_name,person_number,street,zip,city)
VALUES
  (311,'Rafael','Hewitt',195549505863,'269-1365 Nulla Rd.','5465','Ghanche'),
  (312,'Bernard','Shepard',198985832245,'Ap #143-480 Cum St.','4916','Daman'),
  (313,'Quintessa','Moody',196838432866,'Ap #261-9817 Montes, Avenue','6148-2755','Makurdi'),
  (314,'Wylie','Adkins',197421926770,'P.O. Box 591, 4297 Adipiscing Ave','414769','Gdańsk'),
  (315,'Ashely','Wood',194033243024,'5460 Iaculis St.','05774','Toulouse'),
  (316,'Mikayla','Conley',199062625343,'Ap #398-715 Enim. Ave','7026','Comblain-au-Pont'),
  (317,'Idona','Mueller',199118124131,'P.O. Box 425, 3462 Neque Rd.','20104','Veenendaal'),
  (318,'Isaiah','Bishop',197595937322,'538-7923 Egestas Road','37686371','Uribia'),
  (319,'Buckminster','Washington',200756233845,'Ap #360-9869 Magna. Rd.','553985','Pamplona'),
  (320,'Brady','Murphy',196814043109,'181-9280 Ipsum Road','61373','Gjoa Haven');
INSERT INTO person (person_id,first_name,last_name,person_number,street,zip,city)
VALUES
  (321,'Macy','Wolf',198300786910,'916-419 Augue Street','51311','Drachten'),
  (322,'Teegan','Pollard',194223064854,'733-6687 Ultrices. St.','39714','Førde'),
  (323,'Melissa','Cote',196987243597,'Ap #749-2102 Fames Avenue','835321','Sicuani'),
  (324,'Lara','Simpson',193725203810,'P.O. Box 884, 8720 Dolor Ave','03273','Chanco'),
  (325,'Kaitlin','Berry',193688382621,'9654 In St.','434622','Kearney'),
  (326,'Emily','Carver',193608553955,'6405 Lacus. Ave','92439-56868','Barranca'),
  (327,'Stella','Baxter',197715089394,'333-9318 Tristique Avenue','612116','Roosdaal'),
  (328,'Anne','Bender',200974534492,'781-6581 Fringilla Street','545457','Tando Allahyar'),
  (329,'Beverly','Osborn',197275773887,'Ap #559-2834 Ornare Rd.','02853','Mglin'),
  (330,'Brittany','Pearson',198944820202,'647-8917 Malesuada Road','76517','Bastia');
INSERT INTO person (person_id,first_name,last_name,person_number,street,zip,city)
VALUES
  (331,'Clare','Crosby',195789432942,'Ap #822-2389 Rhoncus Rd.','190717','Tarnów'),
  (332,'Timothy','Smith',197711135334,'Ap #847-8484 Eros Ave','376141','Toa Payoh'),
  (333,'Sybill','Bell',194757798164,'Ap #191-2863 Auctor, St.','1616-9747','Orenburg'),
  (334,'Aquila','Spencer',194685246092,'Ap #899-7183 Sit Avenue','6665','Valdivia'),
  (335,'Brent','Robertson',197884110039,'871-8343 At Rd.','75346','Nikopol'),
  (336,'Jennifer','Fletcher',199703612801,'687-3095 Cum Road','62551-126','Gdańsk'),
  (337,'Fitzgerald','Gamble',200478871962,'Ap #423-7938 Dapibus Av.','3266','Awka'),
  (338,'Shelley','Simmons',193746108227,'Ap #538-8103 Pellentesque. St.','11406','Logan City'),
  (339,'Tanek','Snider',198850905670,'Ap #593-9712 Aliquam St.','21486','Fréjus'),
  (340,'Kelsey','Hoover',196293901226,'P.O. Box 398, 9805 Venenatis Rd.','663281','Częstochowa');
INSERT INTO person (person_id,first_name,last_name,person_number,street,zip,city)
VALUES
  (341,'Declan','Lopez',197317633005,'773-6385 Tortor. Avenue','286261','Zapopan'),
  (342,'Emi','Page',195137495664,'4615 Elementum Av.','7251','Avelgem'),
  (343,'Hanae','Ramirez',200686136468,'3673 Ante Av.','577578','Bethlehem'),
  (344,'Tyrone','Medina',193551800371,'Ap #846-6887 Maecenas St.','21167-636','Pavlohrad'),
  (345,'Mason','Spence',195163677817,'Ap #366-3380 Neque St.','Y1S 3R4','Quesada'),
  (346,'Elliott','Jones',198524937527,'Ap #899-5716 Senectus Street','16736','Pamplona'),
  (347,'Willow','Chang',196248192377,'Ap #505-1085 Ullamcorper, Rd.','51215','Thabazimbi'),
  (348,'Maisie','Hendricks',196936839740,'862 Et, Rd.','73-609','Tambov'),
  (349,'Aristotle','Briggs',193876371406,'8087 Sapien Street','324617','Sarpsborg'),
  (350,'Fredericka','Gutierrez',193703280894,'P.O. Box 381, 2349 In Street','558748','Kursk');
INSERT INTO person (person_id,first_name,last_name,person_number,street,zip,city)
VALUES
  (351,'Linus','Stephens',200421198755,'213-1604 Non Road','84026-516','Alexandra'),
  (352,'Uta','Reynolds',198794760952,'P.O. Box 788, 3078 Egestas Street','0797','Bad Nauheim'),
  (353,'Dean','Bush',199548502466,'Ap #157-4536 Nunc Avenue','3967280','Gasteiz'),
  (354,'Jacqueline','Rosales',198425515911,'Ap #235-2908 Mauris Avenue','74748-055','Jurong West'),
  (355,'Deborah','Clayton',195783455987,'Ap #427-2237 Aliquam St.','763172','Sarpsborg'),
  (356,'Whoopi','Doyle',196010182935,'Ap #977-2935 Suspendisse Avenue','641581','Luhansk'),
  (357,'Kim','Hahn',194409608917,'703-1271 Tellus. St.','4484','Outram'),
  (358,'Drew','Fry',198770189248,'356-9312 Malesuada. Rd.','45391','Baybay'),
  (359,'Leonard','Dixon',198345248456,'5393 A Ave','50505','Oviedo'),
  (360,'Maxwell','Graves',199757659717,'1873 Consectetuer, Avenue','28-248','Torghar');
INSERT INTO person (person_id,first_name,last_name,person_number,street,zip,city)
VALUES
  (361,'Carolyn','Chen',195629546311,'Ap #698-611 Quam Road','8651','Rangiora'),
  (362,'Beck','Copeland',195473356974,'649-3601 Sed St.','201733','Diamer'),
  (363,'Lael','Byers',198607259424,'P.O. Box 963, 1749 Ligula. Avenue','601583','Kraków'),
  (364,'Hu','Lang',196781931420,'P.O. Box 749, 3792 Quis Rd.','59-94','Hainan'),
  (365,'Brandon','Richard',196767630290,'7489 Sed Street','14431','Sasolburg'),
  (366,'Charles','Rush',193903999438,'3159 Tincidunt, St.','51-83','Polokwane'),
  (367,'Demetrius','Young',195171719674,'727-9448 Libero Street','28133','Sokoto'),
  (368,'Urielle','Hodges',196818529262,'Ap #890-8758 Libero Rd.','18515','Fort Collins'),
  (369,'Yael','Hartman',199035227770,'738-8239 Egestas Avenue','6703','Sichuan'),
  (370,'Orli','Bender',199690464426,'266-3100 At Rd.','82786','Baulers');
INSERT INTO person (person_id,first_name,last_name,person_number,street,zip,city)
VALUES
  (371,'Brielle','Le',196687078844,'P.O. Box 998, 3919 Sem Road','7537','Beijing'),
  (372,'Otto','Logan',199371096999,'988-4073 Amet Street','NY49 5KG','Lincoln'),
  (373,'Kasper','Bean',199529612954,'394-1533 Odio. St.','35454','Tyumen'),
  (374,'Dean','Dean',199510156435,'902-6737 Enim, St.','873643','Brummunddal'),
  (375,'Jana','Gray',198632921893,'Ap #865-8657 Vestibulum, Rd.','87-153','Seletar'),
  (376,'Christopher','Allison',193845810410,'314-6536 Eget Rd.','65737','Guadalajara'),
  (377,'Cullen','Kerr',198279054671,'P.O. Box 396, 9866 Nunc Avenue','V2 3CL','Oslo'),
  (378,'Ray','Patel',200344745014,'Ap #303-7509 Arcu. Rd.','52243-34773','Uzhhorod'),
  (379,'Hedwig','Gilliam',198274303359,'566-1090 Aliquam St.','788311','Ijebu Ode'),
  (380,'Hayden','Brennan',198593852940,'297-2715 Nulla Avenue','58591','Cañas');
INSERT INTO person (person_id,first_name,last_name,person_number,street,zip,city)
VALUES
  (381,'Rajah','Beck',196609738738,'Ap #984-2285 Turpis Avenue','04615','Swan'),
  (382,'Fleur','Jarvis',196511990252,'Ap #150-9924 Blandit Rd.','37-85','General Santos'),
  (383,'Nora','Cotton',197490303562,'Ap #556-8530 Id Av.','813196','Western Water Catchment'),
  (384,'Zane','Salazar',200472296777,'Ap #911-665 Vitae Rd.','4576','Dublin'),
  (385,'Samuel','Charles',199029458997,'P.O. Box 105, 8103 Sit Avenue','40808','Kharan'),
  (386,'Gemma','Nichols',200450419453,'P.O. Box 154, 5960 Adipiscing St.','20807','Paya Lebar'),
  (387,'Unity','Whitaker',198476356989,'Ap #397-909 Ipsum. Rd.','85735','İzmit'),
  (388,'Denise','Carpenter',197227530264,'P.O. Box 709, 4568 Fames St.','64-87','Fauske'),
  (389,'Rudyard','Gates',194692379111,'632-7619 Felis, St.','30-597','Biloxi'),
  (390,'Lamar','Howard',195181814152,'998-4602 Malesuada. Ave','26356','Iquitos');
INSERT INTO person (person_id,first_name,last_name,person_number,street,zip,city)
VALUES
  (391,'Yoshio','Crane',193255004391,'278-1921 Tortor. Rd.','86564-41842','Ajaccio'),
  (392,'Karly','Ryan',195161212000,'321-9934 Nulla St.','69889-74786','Chiclayo'),
  (393,'Helen','Perry',196192835969,'Ap #219-1908 Eu, Rd.','71248','Punggol'),
  (394,'Mari','Thornton',198942274679,'200-5701 Vel, Ave','21714','Molde'),
  (395,'Brenda','Gaines',196677597693,'810-8215 Sit Rd.','718235','Alexandra'),
  (396,'Kadeem','Sargent',196329262380,'Ap #628-793 Vehicula. Road','36432','Canora'),
  (397,'Rina','Figueroa',198691177045,'P.O. Box 999, 271 Rutrum, Ave','93483-29124','Puerto Colombia'),
  (398,'Todd','Sexton',199074198838,'190-8529 Aliquam Av.','42887-672','Köln'),
  (399,'Jaquelyn','Gomez',193909851467,'642-2306 Semper. Av.','973844','Lambayeque'),
  (400,'Isaac','O''brien',198372237640,'Ap #871-1793 Rutrum Street','88172-703','Breda');
INSERT INTO person (person_id,first_name,last_name,person_number,street,zip,city)
VALUES
  (401,'Alec','Fulton',197050277916,'Ap #224-1180 Posuere Ave','783331','Breda'),
  (402,'Kiara','Delaney',196201501176,'4179 Proin Ave','43996','Sincelejo'),
  (403,'Christine','Santiago',194758154749,'6494 Tempus St.','15017','Jecheon'),
  (404,'Austin','Mcconnell',196047569512,'P.O. Box 743, 1155 Egestas. St.','78521','Anhui'),
  (405,'Roth','Sears',199256701059,'Ap #709-6446 Elit Street','E8C 8R3','Puno'),
  (406,'Ivory','Bass',200367143877,'909-3046 Facilisis. Street','39353','Fortaleza'),
  (407,'Owen','Dudley',200162095810,'191-8225 Pellentesque, St.','641398','Seydişehir'),
  (408,'Gabriel','Lloyd',196947321358,'1422 Arcu. St.','286777','North Waziristan'),
  (409,'Melissa','Hebert',197096298309,'Ap #513-9993 Litora Road','21484','Nushki'),
  (410,'Avram','Grimes',197799551386,'Ap #297-2095 Molestie Avenue','4653','MŽlin');
INSERT INTO person (person_id,first_name,last_name,person_number,street,zip,city)
VALUES
  (411,'Cheryl','Randolph',199780444870,'P.O. Box 449, 6947 Montes, St.','26685','Puno'),
  (412,'Wayne','Sanford',194750284647,'3765 Imperdiet Avenue','14357','Nässjö'),
  (413,'Serena','Marks',193463723116,'P.O. Box 161, 7002 Imperdiet Ave','8744','Jiangsu'),
  (414,'Steven','Henderson',193632747780,'Ap #858-4366 Tempus Avenue','3248-5174','Jelenia Góra'),
  (415,'Micah','Griffith',197407503694,'704-3819 Mauris Rd.','76943','Tianjin'),
  (416,'Medge','Lynch',198935094017,'259-9889 Proin Road','4186-0261','Nova Kakhovka'),
  (417,'Sara','Conway',196226506560,'P.O. Box 746, 9424 Vivamus Rd.','45363-144','Yopal'),
  (418,'Latifah','Hurley',196995986600,'1373 Sem Rd.','88333-883','Tarakan'),
  (419,'Grady','Heath',199491420594,'Ap #139-1175 Nec, St.','21606','Landau'),
  (420,'Reagan','Chandler',195106279325,'Ap #791-2857 Ut Rd.','73-32','Binjai');
INSERT INTO person (person_id,first_name,last_name,person_number,street,zip,city)
VALUES
  (421,'Hilary','Holder',199073268229,'P.O. Box 251, 7484 In, Rd.','65240','Milestone'),
  (422,'Abel','Clay',195273293292,'848-7327 Et, Rd.','8572-4506','Yurimaguas'),
  (423,'Harper','Webster',194905488693,'P.O. Box 256, 3799 Curabitur Street','14434-813','Meppel'),
  (424,'Jayme','Saunders',200860687792,'P.O. Box 559, 6092 Dui Ave','41022','Antofagasta'),
  (425,'Shay','Noble',199679052423,'928 Integer Avenue','36458','Farsund'),
  (426,'Kato','Shepherd',193126832166,'511-6501 Aliquam Road','9251','Anápolis'),
  (427,'Hanae','Boyer',194481915470,'P.O. Box 483, 8686 Amet Rd.','7132','Zhejiang'),
  (428,'Hop','Huffman',194786692687,'Ap #275-7855 Ipsum Street','139915','Nice'),
  (429,'Chaney','Bryan',194233587448,'830-867 A Avenue','41044','Sissa'),
  (430,'Moses','Wise',197397909712,'Ap #289-3845 Sagittis Rd.','2897','Funtua');
INSERT INTO person (person_id,first_name,last_name,person_number,street,zip,city)
VALUES
  (431,'Baxter','Ellis',200207344343,'Ap #898-220 Sit Rd.','5461 XR','Perk'),
  (432,'Solomon','Sweet',195474443574,'Ap #141-4824 Nec Avenue','85865','Penrith'),
  (433,'Desirae','Mccormick',194334257615,'Ap #607-6074 Egestas St.','077212','Leersum'),
  (434,'Claudia','Mcdowell',197418029699,'Ap #785-5137 Tellus Rd.','51537','Calera'),
  (435,'Zane','Sandoval',199110634224,'Ap #673-6867 Ac Road','83355','Jeonju'),
  (436,'Patience','Sargent',194999969904,'765 Porttitor Road','83585','Sint-Lambrechts-Herk'),
  (437,'Marcia','Puckett',198814892077,'976-4755 Consequat Street','6420','Stellenbosch'),
  (438,'Shay','Cotton',197410428080,'729-7249 A Street','ES1 5IT','Mukachevo'),
  (439,'Raya','Davenport',199235703411,'167-5901 Sem Road','111641','Haisyn'),
  (440,'Naomi','Hughes',197023956099,'668-8683 Nisl. Street','2346-0468','Constitución');
INSERT INTO person (person_id,first_name,last_name,person_number,street,zip,city)
VALUES
  (441,'Maisie','Miller',200762435672,'9800 Urna. Road','857656','North Shore'),
  (442,'Keiko','Gentry',197153643594,'Ap #574-2832 Urna. St.','6847 FV','Northallerton'),
  (443,'Leroy','Palmer',198001428472,'9583 Euismod Street','464245','Kropyvnytskyi'),
  (444,'Kelsey','Simmons',194089627289,'Ap #699-8019 Eget Av.','2127','Mitú'),
  (445,'Courtney','Workman',193346551455,'2047 Scelerisque Rd.','570415','Guápiles'),
  (446,'Dane','Cleveland',194213100490,'P.O. Box 773, 4222 At, Rd.','K1 2QX','Zutphen'),
  (447,'Yetta','Burton',198869940363,'Ap #949-3827 Nulla. Av.','21340','Galway'),
  (448,'Laura','Hays',200913967491,'787-9103 Risus. St.','15221','Gignod'),
  (449,'Liberty','Alvarez',195474231646,'Ap #318-2733 Euismod Av.','4744','Mount Pearl'),
  (450,'Xenos','Schwartz',193391926867,'Ap #883-9451 Enim, Rd.','132311','Wrocław');
INSERT INTO person (person_id,first_name,last_name,person_number,street,zip,city)
VALUES
  (451,'Dacey','Norman',195673750960,'7278 Vel Av.','537773','Tehuacán'),
  (452,'Owen','Hicks',199668137120,'Ap #557-3633 Feugiat Rd.','4341','Bajaur Agency'),
  (453,'Marsden','Warner',194700899804,'Ap #716-7839 Phasellus Rd.','44622','Holmestrand'),
  (454,'Clark','Page',195314339314,'P.O. Box 288, 2305 Lacus Road','20212','Chungju'),
  (455,'Wylie','Franks',198066246862,'Ap #951-1084 Quam, Ave','8485','Ladysmith'),
  (456,'Isaiah','Roach',199025748405,'754-3213 Risus. Rd.','G7G 7T6','Goulburn'),
  (457,'Riley','Olson',194320707591,'295-9986 Diam. Street','954900','White Rock'),
  (458,'Malcolm','Salazar',200099338568,'P.O. Box 681, 6915 Tempus Road','5108 WL','Palmerston North'),
  (459,'Yoshio','Burke',194497325802,'562-9187 Egestas. Road','15756','Levallois-Perret'),
  (460,'Baker','Tucker',197294280312,'497-2516 Vitae Rd.','886187','Henley-on-Thames');
INSERT INTO person (person_id,first_name,last_name,person_number,street,zip,city)
VALUES
  (461,'Alexa','Good',198387743037,'Ap #925-5945 Ipsum Avenue','299568','Woodstock'),
  (462,'Fritz','Gilmore',196213783517,'P.O. Box 730, 5795 Nunc St.','345320','Denpasar'),
  (463,'Latifah','Soto',200169651210,'P.O. Box 548, 4235 Nascetur Street','741536','Wonju'),
  (464,'Honorato','Nelson',197099570277,'6056 Enim Rd.','YE50 0WY','Kempten'),
  (465,'Wade','Parks',197979992841,'Ap #918-8782 Morbi Avenue','2028','San Isidro de El General'),
  (466,'Brendan','Owens',193947140702,'Ap #586-1389 Malesuada St.','35254257','İmamoğlu'),
  (467,'Wilma','Blair',194486105616,'P.O. Box 763, 7045 Litora Street','234678','Medan'),
  (468,'Edan','Fitzpatrick',197121663757,'714-6092 Dictum Ave','63536-61451','Kielce'),
  (469,'Quail','Cleveland',200307878754,'5950 Pellentesque Street','6141','Odendaalsrus'),
  (470,'Daphne','Stephenson',194979414304,'519-3042 Vivamus Road','A0H 3B2','Canberra');
INSERT INTO person (person_id,first_name,last_name,person_number,street,zip,city)
VALUES
  (471,'Hiroko','Sloan',199694328311,'926-145 Nunc Avenue','361626','Vetlanda'),
  (472,'Philip','Huffman',198564106328,'Ap #522-6806 Duis Rd.','38547','Khuzdar'),
  (473,'Gil','Buck',197999693855,'1354 In Avenue','68946','Hebei'),
  (474,'Vladimir','Leach',193754385195,'Ap #670-249 Curae St.','88158','Newcastle-upon-Tyne'),
  (475,'Samantha','Carney',197517003146,'668-4212 Vulputate, Rd.','5772','Butte'),
  (476,'Jeremy','Mooney',195390465516,'341-6502 Metus. Ave','24623','Manokwari'),
  (477,'Brynne','Owens',193338559948,'590-1641 In St.','154777','Drammen'),
  (478,'Bevis','Hopper',200987567638,'Ap #768-6356 Velit Street','28533','Alexandra'),
  (479,'Emerald','Miles',195830270469,'Ap #791-6953 Ac Street','18711','Sainte-Ode'),
  (480,'Lane','Lyons',197566345420,'Ap #226-2994 Nibh St.','3642 JZ','Asan');
INSERT INTO person (person_id,first_name,last_name,person_number,street,zip,city)
VALUES
  (481,'Quamar','Klein',199214843804,'455-2067 Primis Rd.','40802','Saint-Étienne-du-Rouvray'),
  (482,'Jane','Mcdonald',193732843651,'800-1660 Mauris Av.','2858 FC','Hofors'),
  (483,'Nasim','Pugh',198825080320,'P.O. Box 510, 3017 Aenean St.','958739','Arauca'),
  (484,'Upton','Watts',198263456365,'4872 Ante Avenue','6783','St. John''s'),
  (485,'Ori','Duncan',196230439623,'Ap #105-7507 Mauris St.','50363','Jauche'),
  (486,'Nevada','Gill',197334785720,'P.O. Box 682, 3693 Semper St.','391666','Kurram Agency'),
  (487,'Fay','Norman',194645711754,'341-9935 Curabitur Street','782578','Western Water Catchment'),
  (488,'Justine','Hubbard',193436932280,'Ap #592-1340 Ornare Rd.','40108','Lozova'),
  (489,'Dustin','Foreman',195640461375,'P.O. Box 622, 4734 Velit Avenue','43-82','Puno'),
  (490,'Yuri','Kirby',199556416066,'936-4318 Elit Avenue','69167','Makassar');
INSERT INTO person (person_id,first_name,last_name,person_number,street,zip,city)
VALUES
  (491,'Nathaniel','Jarvis',194611296379,'P.O. Box 716, 8076 Tincidunt. Avenue','691458','Suwałki'),
  (492,'Porter','Leblanc',197870428538,'P.O. Box 168, 2683 Proin Rd.','567558','Reus'),
  (493,'Tarik','Petersen',194870853020,'749-2942 Ut Road','8786 NA','Kano'),
  (494,'Dara','Watson',198079821596,'Ap #581-1050 Urna Rd.','85735','Galway'),
  (495,'Jesse','Morrow',200570514124,'274-1771 Ligula. Road','41117','Darwin'),
  (496,'Anne','Ochoa',193978702842,'Ap #142-3664 Nunc Ave','j3B 6V2','Sengkang'),
  (497,'Lucius','Gill',196330651788,'5964 Nec, Rd.','3443','Bathurst'),
  (498,'Mark','Holloway',193888217366,'530-2953 Sed St.','178775','Campbellton'),
  (499,'Amena','Harmon',197684633147,'Ap #388-136 Sem Avenue','21867-34769','Owerri'),
  (500,'Shaeleigh','Randall',196280536538,'P.O. Box 560, 8994 Est. Road','T6K 2L4','Blieskastel');


INSERT INTO contact_person (contact_person_id,first_name,last_name)
VALUES
  (1,'Donovan','Reyes'),
  (2,'Lee','Riggs'),
  (3,'Elijah','Fischer'),
  (4,'Olympia','Bradley'),
  (5,'Claudia','Roman'),
  (6,'Cody','Wolf'),
  (7,'Zephania','Greene'),
  (8,'Cain','Hester'),
  (9,'Evangeline','Mcknight'),
  (10,'Thor','Mccarthy');
INSERT INTO contact_person (contact_person_id,first_name,last_name)
VALUES
  (11,'Lacey','Dotson'),
  (12,'Shay','Ball'),
  (13,'Arthur','Cabrera'),
  (14,'Ayanna','Robbins'),
  (15,'Mason','Schultz'),
  (16,'Tallulah','Mullen'),
  (17,'Tatyana','Weiss'),
  (18,'Adrian','Slater'),
  (19,'Orla','Coffey'),
  (20,'Lucy','Harmon');
INSERT INTO contact_person (contact_person_id,first_name,last_name)
VALUES
  (21,'Joan','Johns'),
  (22,'Kennan','Burch'),
  (23,'Lilah','Dillon'),
  (24,'Solomon','Ellison'),
  (25,'Alika','Cook'),
  (26,'Portia','Rowland'),
  (27,'Kim','Harrison'),
  (28,'Octavia','Wood'),
  (29,'Dana','Weaver'),
  (30,'Natalie','Quinn');
INSERT INTO contact_person (contact_person_id,first_name,last_name)
VALUES
  (31,'Dorian','Stokes'),
  (32,'Adara','Herman'),
  (33,'Ainsley','Lucas'),
  (34,'Jeanette','Fuller'),
  (35,'Nerea','Haney'),
  (36,'Nicholas','Aguirre'),
  (37,'Alexis','Cantrell'),
  (38,'Griffin','Fuller'),
  (39,'Myles','Craft'),
  (40,'Zia','Moreno');
INSERT INTO contact_person (contact_person_id,first_name,last_name)
VALUES
  (41,'Inga','Clarke'),
  (42,'Brielle','Fuller'),
  (43,'Damian','Bradford'),
  (44,'Derek','Bradley'),
  (45,'April','Hayden'),
  (46,'Martha','Strickland'),
  (47,'Leonard','Hyde'),
  (48,'Wayne','Cleveland'),
  (49,'Valentine','Cummings'),
  (50,'Nyssa','Gregory');
INSERT INTO contact_person (contact_person_id,first_name,last_name)
VALUES
  (51,'Beck','Turner'),
  (52,'Portia','Lewis'),
  (53,'Tobias','Mcknight'),
  (54,'Shaeleigh','Mann'),
  (55,'Christopher','Foreman'),
  (56,'Denise','Dyer'),
  (57,'Myra','Mckenzie'),
  (58,'Justin','Mercado'),
  (59,'Curran','Bush'),
  (60,'Camille','Cunningham');
INSERT INTO contact_person (contact_person_id,first_name,last_name)
VALUES
  (61,'Caleb','David'),
  (62,'Bruce','Osborne'),
  (63,'Olivia','Noel'),
  (64,'Sonya','Morrow'),
  (65,'Virginia','Elliott'),
  (66,'Martena','Munoz'),
  (67,'Brent','Conrad'),
  (68,'Emery','Baxter'),
  (69,'Inez','Tyson'),
  (70,'Tatum','Cotton');
INSERT INTO contact_person (contact_person_id,first_name,last_name)
VALUES
  (71,'Tobias','Black'),
  (72,'Lesley','Bernard'),
  (73,'Larissa','Kim'),
  (74,'Tate','Gutierrez'),
  (75,'Quyn','Blake'),
  (76,'Scarlet','Mcfadden'),
  (77,'Merritt','Sanders'),
  (78,'Carissa','Henderson'),
  (79,'Nathan','Hudson'),
  (80,'Emi','Jackson');
INSERT INTO contact_person (contact_person_id,first_name,last_name)
VALUES
  (81,'Kamal','Mcbride'),
  (82,'Calvin','Bird'),
  (83,'Jacqueline','Bray'),
  (84,'Tate','Wright'),
  (85,'Leandra','Compton'),
  (86,'Justin','Doyle'),
  (87,'Leilani','Heath'),
  (88,'Sheila','Jones'),
  (89,'Ainsley','Winters'),
  (90,'Lucius','Leon');
INSERT INTO contact_person (contact_person_id,first_name,last_name)
VALUES
  (91,'Evelyn','Beck'),
  (92,'Declan','Gates'),
  (93,'Vladimir','Gomez'),
  (94,'Rafael','Bowen'),
  (95,'Aline','Levine'),
  (96,'Gail','Parker'),
  (97,'Baker','West'),
  (98,'Georgia','Perez'),
  (99,'Darius','Wallace'),
  (100,'Stuart','Jarvis');
INSERT INTO contact_person (contact_person_id,first_name,last_name)
VALUES
  (101,'Echo','Cook'),
  (102,'Robert','Joyce'),
  (103,'Fredericka','Pennington'),
  (104,'Lois','Larsen'),
  (105,'Cody','Chen'),
  (106,'Karen','Whitfield'),
  (107,'Cailin','Waters'),
  (108,'Gavin','Rhodes'),
  (109,'Darrel','Washington'),
  (110,'Kenneth','Holden');
INSERT INTO contact_person (contact_person_id,first_name,last_name)
VALUES
  (111,'Nicole','Hensley'),
  (112,'Chancellor','Brennan'),
  (113,'Sebastian','Fields'),
  (114,'Branden','Rocha'),
  (115,'Alfonso','Mayo'),
  (116,'Laith','Salinas'),
  (117,'Keegan','Dickerson'),
  (118,'Carly','Rocha'),
  (119,'Buffy','Hicks'),
  (120,'Nell','Moreno');
INSERT INTO contact_person (contact_person_id,first_name,last_name)
VALUES
  (121,'Roanna','Grant'),
  (122,'Plato','Hunter'),
  (123,'Alan','Rocha'),
  (124,'Lewis','Branch'),
  (125,'Zachary','Knox'),
  (126,'Irene','Pruitt'),
  (127,'Peter','Montoya'),
  (128,'Hayden','Holmes'),
  (129,'Steel','Larsen'),
  (130,'Jordan','Arnold');
INSERT INTO contact_person (contact_person_id,first_name,last_name)
VALUES
  (131,'Len','Collins'),
  (132,'Virginia','Berg'),
  (133,'Porter','Hall'),
  (134,'Zeus','Pruitt'),
  (135,'Kylynn','Conway'),
  (136,'Clarke','Rocha'),
  (137,'Justina','England'),
  (138,'Patricia','Burch'),
  (139,'Dacey','Wiley'),
  (140,'Josiah','Sexton');
INSERT INTO contact_person (contact_person_id,first_name,last_name)
VALUES
  (141,'Zachary','Carroll'),
  (142,'Samantha','Guerra'),
  (143,'Richard','Sheppard'),
  (144,'Yuli','Marshall'),
  (145,'Constance','Salazar'),
  (146,'Sierra','Glenn'),
  (147,'Iris','Gould'),
  (148,'Alana','Hardin'),
  (149,'Tanisha','Paul'),
  (150,'Uriah','Hutchinson');
INSERT INTO contact_person (contact_person_id,first_name,last_name)
VALUES
  (151,'Quemby','Finley'),
  (152,'Charissa','Potts'),
  (153,'Caryn','Reyes'),
  (154,'Rachel','Quinn'),
  (155,'Whitney','Hayes'),
  (156,'Merrill','Romero'),
  (157,'Aristotle','Maxwell'),
  (158,'Damon','Fleming'),
  (159,'Anika','Monroe'),
  (160,'Alec','King');
INSERT INTO contact_person (contact_person_id,first_name,last_name)
VALUES
  (161,'Faith','Barry'),
  (162,'Keane','Fields'),
  (163,'Mannix','Alvarez'),
  (164,'Quinn','Whitley'),
  (165,'Gage','Harrington'),
  (166,'Charles','Moore'),
  (167,'Oscar','Combs'),
  (168,'Odessa','Chambers'),
  (169,'Philip','Kidd'),
  (170,'Dolan','Faulkner');
INSERT INTO contact_person (contact_person_id,first_name,last_name)
VALUES
  (171,'Baker','Francis'),
  (172,'Colt','Lott'),
  (173,'Mary','Lester'),
  (174,'Azalia','Dickson'),
  (175,'Bevis','Adkins'),
  (176,'Hunter','Green'),
  (177,'Stewart','Downs'),
  (178,'Nasim','Murray'),
  (179,'Nichole','Woods'),
  (180,'Ocean','Caldwell');
INSERT INTO contact_person (contact_person_id,first_name,last_name)
VALUES
  (181,'Dorian','Thornton'),
  (182,'Donovan','Warren'),
  (183,'Hedwig','Dodson'),
  (184,'Teagan','Hess'),
  (185,'Kiayada','Ware'),
  (186,'Illana','Klein'),
  (187,'Kyle','Levine'),
  (188,'Jared','Mack'),
  (189,'Byron','Ramirez'),
  (190,'Yardley','David');
INSERT INTO contact_person (contact_person_id,first_name,last_name)
VALUES
  (191,'Haviva','Cotton'),
  (192,'Paula','Acevedo'),
  (193,'Simone','Greene'),
  (194,'Ralph','Ellis'),
  (195,'Paula','Barton'),
  (196,'Nelle','Bentley'),
  (197,'Reuben','Hobbs'),
  (198,'Zahir','Strickland'),
  (199,'Adara','Adkins'),
  (200,'Sybill','Hensley');
INSERT INTO contact_person (contact_person_id,first_name,last_name)
VALUES
  (201,'Petra','Battle'),
  (202,'Kevyn','Wheeler'),
  (203,'Kelsey','Hayden'),
  (204,'Jenette','Conway'),
  (205,'Bruce','Daniels'),
  (206,'Flynn','Hill'),
  (207,'Kay','Delacruz'),
  (208,'Alea','Peters'),
  (209,'Lara','Carroll'),
  (210,'Idola','Baldwin');
INSERT INTO contact_person (contact_person_id,first_name,last_name)
VALUES
  (211,'Cameron','Zamora'),
  (212,'Luke','Henderson'),
  (213,'Olga','Massey'),
  (214,'Fay','Bryan'),
  (215,'Serina','Vega'),
  (216,'Cade','Norton'),
  (217,'Fallon','Campos'),
  (218,'Jonah','Lindsey'),
  (219,'Vera','Hancock'),
  (220,'Nehru','Clay');
INSERT INTO contact_person (contact_person_id,first_name,last_name)
VALUES
  (221,'Hanna','Morton'),
  (222,'Arsenio','Roberts'),
  (223,'Callie','Anderson'),
  (224,'Galvin','Leblanc'),
  (225,'Mannix','Gibbs'),
  (226,'Robert','Mcfadden'),
  (227,'Morgan','Gibson'),
  (228,'Holmes','Kirby'),
  (229,'Vernon','Barton'),
  (230,'Melodie','Kennedy');
INSERT INTO contact_person (contact_person_id,first_name,last_name)
VALUES
  (231,'Bell','Griffin'),
  (232,'Nerea','Harding'),
  (233,'Elmo','Hopkins'),
  (234,'Elliott','George'),
  (235,'Orlando','Taylor'),
  (236,'Jessamine','Barber'),
  (237,'Marah','Guzman'),
  (238,'Burke','White'),
  (239,'Demetrius','Mullins'),
  (240,'Hedley','Alvarez');
INSERT INTO contact_person (contact_person_id,first_name,last_name)
VALUES
  (241,'Barry','Hensley'),
  (242,'Jin','Decker'),
  (243,'Vernon','Ferguson'),
  (244,'Britanni','Frederick'),
  (245,'Lareina','West'),
  (246,'Tatyana','Ward'),
  (247,'Ryan','Macias'),
  (248,'Yvette','Heath'),
  (249,'Remedios','Hawkins'),
  (250,'Keely','Terry');
INSERT INTO contact_person (contact_person_id,first_name,last_name)
VALUES
  (251,'Jaden','Spencer'),
  (252,'Hilel','Blair'),
  (253,'Regina','Whitney'),
  (254,'Kirestin','Kent'),
  (255,'Tatyana','Jacobson'),
  (256,'Harlan','Shelton'),
  (257,'Ursa','Smith'),
  (258,'Lev','Armstrong'),
  (259,'Ashely','Brooks'),
  (260,'Kimberley','Burnett');
INSERT INTO contact_person (contact_person_id,first_name,last_name)
VALUES
  (261,'Bevis','Stone'),
  (262,'Lisandra','Carroll'),
  (263,'Jakeem','Donovan'),
  (264,'Paul','Kidd'),
  (265,'Kevyn','Ramos'),
  (266,'Ella','Guzman'),
  (267,'Wynter','Huff'),
  (268,'Harlan','Kirkland'),
  (269,'Steven','Harrison'),
  (270,'Rogan','Walters');
INSERT INTO contact_person (contact_person_id,first_name,last_name)
VALUES
  (271,'Karyn','Dawson'),
  (272,'Donovan','O''connor'),
  (273,'Wayne','Atkinson'),
  (274,'Ezekiel','Gaines'),
  (275,'Katelyn','Faulkner'),
  (276,'Vincent','King'),
  (277,'Mari','Hurley'),
  (278,'Vance','Harper'),
  (279,'Mara','Jensen'),
  (280,'Unity','Mathews');
INSERT INTO contact_person (contact_person_id,first_name,last_name)
VALUES
  (281,'John','Guerra'),
  (282,'Caryn','Joseph'),
  (283,'Jack','Burks'),
  (284,'Macy','Burnett'),
  (285,'Lisandra','Juarez'),
  (286,'Lane','Keller'),
  (287,'Guy','Sellers'),
  (288,'Cain','Cross'),
  (289,'Malik','Yang'),
  (290,'Sawyer','Howell');
INSERT INTO contact_person (contact_person_id,first_name,last_name)
VALUES
  (291,'Amethyst','Ware'),
  (292,'Irene','Kirk'),
  (293,'Jermaine','Fleming'),
  (294,'Jermaine','Marsh'),
  (295,'Cyrus','Fletcher'),
  (296,'Roary','Sosa'),
  (297,'Ivy','Ayala'),
  (298,'Xavier','Herrera'),
  (299,'Zelenia','Rich'),
  (300,'Xyla','Albert');
INSERT INTO student (student_id,family_id,person_id,contact_person_id)
VALUES
  (1,349,1,188),
  (2,255,2,153),
  (3,235,3,291),
  (4,12,4,286),
  (5,89,5,216),
  (6,369,6,264),
  (7,307,7,213),
  (8,248,8,5),
  (9,317,9,286),
  (10,296,10,153);
INSERT INTO student (student_id,family_id,person_id,contact_person_id)
VALUES
  (11,264,11,76),
  (12,391,12,39),
  (13,99,13,72),
  (14,179,14,124),
  (15,288,15,60),
  (16,202,16,113),
  (17,57,17,287),
  (18,118,18,280),
  (19,373,19,74),
  (20,106,20,62);
INSERT INTO student (student_id,family_id,person_id,contact_person_id)
VALUES
  (21,134,21,126),
  (22,194,22,21),
  (23,103,23,157),
  (24,68,24,65),
  (25,338,25,50),
  (26,116,26,88),
  (27,115,27,247),
  (28,215,28,155),
  (29,220,29,298),
  (30,7,30,86);
INSERT INTO student (student_id,family_id,person_id,contact_person_id)
VALUES
  (31,125,31,25),
  (32,223,32,222),
  (33,28,33,134),
  (34,93,34,34),
  (35,90,35,75),
  (36,348,36,5),
  (37,393,37,37),
  (38,370,38,159),
  (39,108,39,209),
  (40,329,40,257);
INSERT INTO student (student_id,family_id,person_id,contact_person_id)
VALUES
  (41,58,41,203),
  (42,104,42,69),
  (43,111,43,93),
  (44,318,44,274),
  (45,257,45,144),
  (46,184,46,149),
  (47,10,47,112),
  (48,306,48,124),
  (49,370,49,229),
  (50,272,50,44);
INSERT INTO student (student_id,family_id,person_id,contact_person_id)
VALUES
  (51,292,51,232),
  (52,336,52,147),
  (53,57,53,204),
  (54,154,54,208),
  (55,316,55,104),
  (56,345,56,279),
  (57,390,57,231),
  (58,80,58,76),
  (59,5,59,116),
  (60,264,60,257);
INSERT INTO student (student_id,family_id,person_id,contact_person_id)
VALUES
  (61,159,61,159),
  (62,348,62,60),
  (63,346,63,130),
  (64,195,64,16),
  (65,103,65,44),
  (66,160,66,32),
  (67,35,67,262),
  (68,196,68,46),
  (69,397,69,194),
  (70,347,70,79);
INSERT INTO student (student_id,family_id,person_id,contact_person_id)
VALUES
  (71,114,71,215),
  (72,152,72,197),
  (73,86,73,256),
  (74,164,74,260),
  (75,374,75,289),
  (76,365,76,221),
  (77,147,77,111),
  (78,207,78,202),
  (79,21,79,206),
  (80,338,80,155);
INSERT INTO student (student_id,family_id,person_id,contact_person_id)
VALUES
  (81,370,81,174),
  (82,264,82,59),
  (83,66,83,75),
  (84,389,84,92),
  (85,66,85,116),
  (86,60,86,245),
  (87,237,87,4),
  (88,77,88,10),
  (89,319,89,67),
  (90,294,90,135);
INSERT INTO student (student_id,family_id,person_id,contact_person_id)
VALUES
  (91,121,91,34),
  (92,273,92,49),
  (93,183,93,135),
  (94,175,94,269),
  (95,191,95,288),
  (96,296,96,91),
  (97,109,97,242),
  (98,240,98,173),
  (99,233,99,169),
  (100,124,100,295);
INSERT INTO student (student_id,family_id,person_id,contact_person_id)
VALUES
  (101,175,101,242),
  (102,263,102,153),
  (103,101,103,152),
  (104,193,104,197),
  (105,104,105,208),
  (106,347,106,289),
  (107,176,107,230),
  (108,138,108,115),
  (109,165,109,278),
  (110,154,110,95);
INSERT INTO student (student_id,family_id,person_id,contact_person_id)
VALUES
  (111,151,111,134),
  (112,307,112,162),
  (113,217,113,160),
  (114,159,114,233),
  (115,269,115,183),
  (116,259,116,262),
  (117,23,117,6),
  (118,3,118,200),
  (119,180,119,137),
  (120,228,120,286);
INSERT INTO student (student_id,family_id,person_id,contact_person_id)
VALUES
  (121,59,121,6),
  (122,29,122,229),
  (123,265,123,231),
  (124,168,124,33),
  (125,118,125,152),
  (126,210,126,211),
  (127,234,127,34),
  (128,10,128,96),
  (129,13,129,116),
  (130,150,130,295);
INSERT INTO student (student_id,family_id,person_id,contact_person_id)
VALUES
  (131,19,131,85),
  (132,396,132,107),
  (133,119,133,156),
  (134,24,134,263),
  (135,165,135,86),
  (136,181,136,46),
  (137,51,137,227),
  (138,378,138,215),
  (139,86,139,160),
  (140,66,140,147);
INSERT INTO student (student_id,family_id,person_id,contact_person_id)
VALUES
  (141,275,141,130),
  (142,79,142,14),
  (143,115,143,48),
  (144,268,144,284),
  (145,304,145,6),
  (146,172,146,237),
  (147,9,147,100),
  (148,292,148,83),
  (149,104,149,77),
  (150,134,150,183);
INSERT INTO student (student_id,family_id,person_id,contact_person_id)
VALUES
  (151,245,151,44),
  (152,294,152,296),
  (153,211,153,281),
  (154,322,154,268),
  (155,197,155,24),
  (156,248,156,206),
  (157,328,157,259),
  (158,248,158,61),
  (159,295,159,153),
  (160,67,160,207);
INSERT INTO student (student_id,family_id,person_id,contact_person_id)
VALUES
  (161,19,161,256),
  (162,390,162,265),
  (163,141,163,155),
  (164,158,164,21),
  (165,70,165,258),
  (166,154,166,230),
  (167,289,167,69),
  (168,105,168,46),
  (169,34,169,164),
  (170,390,170,249);
INSERT INTO student (student_id,family_id,person_id,contact_person_id)
VALUES
  (171,326,171,65),
  (172,143,172,99),
  (173,273,173,193),
  (174,241,174,104),
  (175,362,175,220),
  (176,205,176,182),
  (177,26,177,115),
  (178,378,178,65),
  (179,353,179,162),
  (180,278,180,108);
INSERT INTO student (student_id,family_id,person_id,contact_person_id)
VALUES
  (181,278,181,77),
  (182,290,182,241),
  (183,364,183,288),
  (184,91,184,293),
  (185,259,185,275),
  (186,285,186,251),
  (187,316,187,131),
  (188,194,188,89),
  (189,236,189,122),
  (190,322,190,148);
INSERT INTO student (student_id,family_id,person_id,contact_person_id)
VALUES
  (191,250,191,147),
  (192,176,192,141),
  (193,198,193,269),
  (194,108,194,237),
  (195,174,195,176),
  (196,50,196,126),
  (197,96,197,227),
  (198,224,198,55),
  (199,267,199,46),
  (200,141,200,78);
INSERT INTO student (student_id,family_id,person_id,contact_person_id)
VALUES
  (201,167,201,18),
  (202,274,202,269),
  (203,138,203,194),
  (204,311,204,278),
  (205,280,205,101),
  (206,284,206,273),
  (207,380,207,76),
  (208,113,208,97),
  (209,332,209,117),
  (210,341,210,179);
INSERT INTO student (student_id,family_id,person_id,contact_person_id)
VALUES
  (211,326,211,293),
  (212,72,212,164),
  (213,62,213,288),
  (214,35,214,232),
  (215,141,215,102),
  (216,138,216,271),
  (217,173,217,32),
  (218,302,218,133),
  (219,268,219,45),
  (220,341,220,118);
INSERT INTO student (student_id,family_id,person_id,contact_person_id)
VALUES
  (221,202,221,157),
  (222,269,222,33),
  (223,369,223,227),
  (224,365,224,247),
  (225,283,225,204),
  (226,109,226,14),
  (227,53,227,171),
  (228,110,228,5),
  (229,41,229,89),
  (230,385,230,51);
INSERT INTO student (student_id,family_id,person_id,contact_person_id)
VALUES
  (231,190,231,170),
  (232,272,232,255),
  (233,368,233,40),
  (234,370,234,294),
  (235,188,235,136),
  (236,34,236,19),
  (237,368,237,231),
  (238,102,238,102),
  (239,78,239,142),
  (240,79,240,58);
INSERT INTO student (student_id,family_id,person_id,contact_person_id)
VALUES
  (241,175,241,50),
  (242,242,242,280),
  (243,25,243,213),
  (244,49,244,216),
  (245,171,245,154),
  (246,136,246,42),
  (247,321,247,211),
  (248,115,248,232),
  (249,216,249,82),
  (250,343,250,196);
INSERT INTO student (student_id,family_id,person_id,contact_person_id)
VALUES
  (251,28,251,76),
  (252,60,252,71),
  (253,177,253,29),
  (254,99,254,207),
  (255,163,255,253),
  (256,379,256,257),
  (257,313,257,153),
  (258,95,258,64),
  (259,270,259,200),
  (260,218,260,283);
INSERT INTO student (student_id,family_id,person_id,contact_person_id)
VALUES
  (261,362,261,77),
  (262,105,262,155),
  (263,272,263,199),
  (264,236,264,125),
  (265,114,265,202),
  (266,388,266,79),
  (267,319,267,67),
  (268,296,268,27),
  (269,207,269,228),
  (270,214,270,137);
INSERT INTO student (student_id,family_id,person_id,contact_person_id)
VALUES
  (271,332,271,181),
  (272,148,272,57),
  (273,289,273,116),
  (274,334,274,248),
  (275,338,275,263),
  (276,99,276,65),
  (277,117,277,71),
  (278,153,278,154),
  (279,309,279,202),
  (280,260,280,221);
INSERT INTO student (student_id,family_id,person_id,contact_person_id)
VALUES
  (281,15,281,253),
  (282,348,282,207),
  (283,68,283,16),
  (284,59,284,127),
  (285,2,285,227),
  (286,308,286,276),
  (287,356,287,34),
  (288,217,288,202),
  (289,209,289,156),
  (290,397,290,47);
INSERT INTO student (student_id,family_id,person_id,contact_person_id)
VALUES
  (291,237,291,236),
  (292,369,292,186),
  (293,261,293,64),
  (294,6,294,128),
  (295,360,295,212),
  (296,326,296,168),
  (297,391,297,8),
  (298,216,298,165),
  (299,360,299,213),
  (300,302,300,296);
INSERT INTO student (student_id,family_id,person_id,contact_person_id)
VALUES
  (301,10,301,99),
  (302,100,302,81),
  (303,382,303,248),
  (304,147,304,186),
  (305,165,305,10),
  (306,293,306,48),
  (307,29,307,263),
  (308,143,308,181),
  (309,311,309,128),
  (310,187,310,72);
INSERT INTO student (student_id,family_id,person_id,contact_person_id)
VALUES
  (311,382,311,196),
  (312,381,312,21),
  (313,18,313,23),
  (314,39,314,22),
  (315,95,315,263),
  (316,16,316,51),
  (317,252,317,265),
  (318,117,318,70),
  (319,373,319,13),
  (320,307,320,162);
INSERT INTO student (student_id,family_id,person_id,contact_person_id)
VALUES
  (321,235,321,130),
  (322,49,322,201),
  (323,35,323,270),
  (324,398,324,238),
  (325,374,325,138),
  (326,52,326,135),
  (327,227,327,228),
  (328,14,328,62),
  (329,69,329,58),
  (330,168,330,87);
INSERT INTO student (student_id,family_id,person_id,contact_person_id)
VALUES
  (331,357,331,217),
  (332,314,332,53),
  (333,380,333,141),
  (334,224,334,157),
  (335,129,335,29),
  (336,347,336,232),
  (337,204,337,30),
  (338,246,338,165),
  (339,335,339,49),
  (340,279,340,175);
INSERT INTO student (student_id,family_id,person_id,contact_person_id)
VALUES
  (341,17,341,266),
  (342,63,342,151),
  (343,141,343,216),
  (344,255,344,139),
  (345,155,345,149),
  (346,50,346,172),
  (347,371,347,293),
  (348,136,348,147),
  (349,227,349,281),
  (350,231,350,9);
INSERT INTO student (student_id,family_id,person_id,contact_person_id)
VALUES
  (351,373,351,228),
  (352,22,352,261),
  (353,309,353,48),
  (354,111,354,13),
  (355,205,355,33),
  (356,26,356,266),
  (357,360,357,281),
  (358,249,358,8),
  (359,300,359,22),
  (360,141,360,157);
INSERT INTO student (student_id,family_id,person_id,contact_person_id)
VALUES
  (361,197,361,169),
  (362,319,362,166),
  (363,197,363,22),
  (364,9,364,257),
  (365,98,365,43),
  (366,158,366,127),
  (367,8,367,46),
  (368,375,368,148),
  (369,383,369,230),
  (370,194,370,70);
INSERT INTO student (student_id,family_id,person_id,contact_person_id)
VALUES
  (371,45,371,267),
  (372,123,372,47),
  (373,14,373,167),
  (374,361,374,27),
  (375,178,375,267),
  (376,94,376,299),
  (377,109,377,138),
  (378,363,378,293),
  (379,99,379,265),
  (380,219,380,246);
INSERT INTO student (student_id,family_id,person_id,contact_person_id)
VALUES
  (381,255,381,45),
  (382,36,382,112),
  (383,213,383,210),
  (384,265,384,36),
  (385,91,385,268),
  (386,49,386,175),
  (387,262,387,178),
  (388,48,388,198),
  (389,374,389,197),
  (390,219,390,69);
INSERT INTO student (student_id,family_id,person_id,contact_person_id)
VALUES
  (391,245,391,74),
  (392,212,392,189),
  (393,364,393,247),
  (394,242,394,208),
  (395,338,395,116),
  (396,60,396,58),
  (397,375,397,254),
  (398,333,398,190),
  (399,96,399,274),
  (400,36,400,5);
INSERT INTO phone (phone_number,person_id)
VALUES
  ('000-369-8293',336),
  ('034-307-1149',458),
  ('048-261-2310',324),
  ('064-578-1322',34),
  ('094-863-9555',283),
  ('056-928-6782',137),
  ('013-536-1849',375),
  ('033-179-2930',382),
  ('097-564-4653',314),
  ('095-716-8621',292);
INSERT INTO phone (phone_number,person_id)
VALUES
  ('036-411-6816',36),
  ('074-511-0636',280),
  ('026-261-7973',420),
  ('028-781-7016',152),
  ('077-057-1176',389),
  ('051-052-5072',438),
  ('044-182-6113',335),
  ('029-738-2761',32),
  ('016-573-8420',70),
  ('051-518-8855',338);
INSERT INTO phone (phone_number,person_id)
VALUES
  ('091-163-8196',316),
  ('053-754-4331',207),
  ('041-817-6735',336),
  ('091-766-5316',250),
  ('033-750-1068',242),
  ('016-789-4012',356),
  ('068-874-1149',417),
  ('022-599-8837',253),
  ('056-684-2403',117),
  ('064-682-9462',388);
INSERT INTO phone (phone_number,person_id)
VALUES
  ('012-425-9418',456),
  ('064-273-7822',148),
  ('035-381-8375',367),
  ('097-517-7139',330),
  ('066-111-5283',75),
  ('023-371-5649',88),
  ('051-501-0426',476),
  ('071-221-6835',209),
  ('021-575-4110',251),
  ('002-886-3470',225);
INSERT INTO phone (phone_number,person_id)
VALUES
  ('046-398-5473',185),
  ('065-127-8153',12),
  ('094-622-6225',496),
  ('034-426-1863',54),
  ('057-442-4132',340),
  ('048-747-3484',426),
  ('034-568-7551',48),
  ('021-863-1790',289),
  ('076-635-3170',146),
  ('055-732-5629',58);
INSERT INTO phone (phone_number,person_id)
VALUES
  ('031-475-9418',499),
  ('016-433-1852',371),
  ('083-801-8374',176),
  ('024-723-2737',312),
  ('093-935-9856',46),
  ('033-276-8722',258),
  ('088-304-4442',429),
  ('031-094-8832',215),
  ('091-937-7563',174),
  ('072-947-8446',471);
INSERT INTO phone (phone_number,person_id)
VALUES
  ('097-088-5861',15),
  ('028-425-9473',352),
  ('086-998-7281',394),
  ('093-763-3399',30),
  ('030-433-1327',15),
  ('037-553-2171',488),
  ('080-687-0835',335),
  ('056-005-3844',156),
  ('022-362-8142',351),
  ('077-327-1267',169);
INSERT INTO phone (phone_number,person_id)
VALUES
  ('000-550-1440',10),
  ('025-637-3311',293),
  ('018-886-8322',186),
  ('084-464-2227',14),
  ('095-424-8134',106),
  ('044-263-5820',233),
  ('058-557-0669',191),
  ('061-352-2216',384),
  ('044-882-2799',175),
  ('003-371-3327',298);
INSERT INTO phone (phone_number,person_id)
VALUES
  ('057-804-5157',235),
  ('065-231-6319',279),
  ('082-635-7675',424),
  ('025-734-4470',416),
  ('082-843-2485',346),
  ('005-844-7644',223),
  ('043-534-8730',58),
  ('086-201-2255',280),
  ('058-889-1586',239),
  ('056-256-1854',22);
INSERT INTO phone (phone_number,person_id)
VALUES
  ('083-689-1824',34),
  ('011-170-8587',497),
  ('073-671-7188',290),
  ('069-598-8983',53),
  ('071-286-0154',453),
  ('023-352-6747',364),
  ('081-437-7677',382),
  ('077-745-5542',305),
  ('042-541-4282',272),
  ('048-419-5697',194);
INSERT INTO phone (phone_number,person_id)
VALUES
  ('072-638-6963',168),
  ('086-564-1489',63),
  ('035-553-2651',395),
  ('057-256-3187',357),
  ('022-436-4114',198),
  ('088-946-6204',251),
  ('015-416-8243',244),
  ('044-931-2756',481),
  ('062-524-4187',208),
  ('095-023-2202',297);
INSERT INTO phone (phone_number,person_id)
VALUES
  ('089-562-4412',265),
  ('051-433-2743',134),
  ('047-158-2127',184),
  ('061-168-8868',189),
  ('083-336-9256',283),
  ('008-142-6353',375),
  ('002-557-5953',274),
  ('045-773-6318',424),
  ('069-697-8617',83),
  ('082-760-2322',492);
INSERT INTO phone (phone_number,person_id)
VALUES
  ('098-484-6354',465),
  ('021-008-5765',147),
  ('054-410-5453',240),
  ('043-176-3081',342),
  ('050-424-0613',206),
  ('083-556-6574',335),
  ('066-748-2876',147),
  ('052-411-7100',385),
  ('021-457-6341',74),
  ('028-750-0285',319);
INSERT INTO phone (phone_number,person_id)
VALUES
  ('022-787-2227',145),
  ('080-227-3466',226),
  ('063-429-9581',69),
  ('081-261-0891',467),
  ('057-681-4792',412),
  ('027-684-5638',298),
  ('015-142-1273',366),
  ('017-289-6461',184),
  ('016-683-7618',416),
  ('019-594-2252',366);
INSERT INTO phone (phone_number,person_id)
VALUES
  ('015-129-0935',232),
  ('011-642-0676',265),
  ('064-623-6640',137),
  ('063-948-6670',236),
  ('092-793-2818',56),
  ('065-488-6519',488),
  ('054-690-1394',173),
  ('029-952-4021',422),
  ('084-035-6846',161),
  ('098-243-5781',47);
INSERT INTO phone (phone_number,person_id)
VALUES
  ('078-160-5627',129),
  ('034-562-6548',400),
  ('023-275-2710',96),
  ('080-149-9486',273),
  ('066-727-6262',370),
  ('086-612-4733',145),
  ('068-366-8184',484),
  ('057-345-1758',494),
  ('085-495-1581',352),
  ('039-502-8831',470);
INSERT INTO phone (phone_number,person_id)
VALUES
  ('073-596-4363',279),
  ('055-484-1966',293),
  ('069-055-3413',492),
  ('014-311-5547',80),
  ('084-225-1928',493),
  ('038-740-5219',188),
  ('099-641-6184',90),
  ('002-315-6983',258),
  ('043-657-6358',214),
  ('082-549-5701',191);
INSERT INTO phone (phone_number,person_id)
VALUES
  ('061-524-4751',168),
  ('024-832-7513',434),
  ('036-177-4896',365),
  ('052-124-3908',439),
  ('064-756-9246',331),
  ('064-672-4183',90),
  ('029-437-4829',67),
  ('087-722-5329',141),
  ('036-651-1347',488),
  ('045-332-3858',497);
INSERT INTO phone (phone_number,person_id)
VALUES
  ('067-131-0027',420),
  ('068-317-5365',18),
  ('073-078-7988',242),
  ('035-578-1728',484),
  ('056-019-2796',477),
  ('032-948-4414',331),
  ('033-155-3248',112),
  ('012-295-7572',80),
  ('026-628-7469',352),
  ('085-310-1982',167);
INSERT INTO phone (phone_number,person_id)
VALUES
  ('072-067-3738',339),
  ('061-828-1325',146),
  ('080-583-4021',469),
  ('034-692-4916',422),
  ('085-785-4139',395),
  ('028-271-8310',313),
  ('081-345-7145',404),
  ('076-544-5487',385),
  ('091-751-5436',97),
  ('054-465-0808',131);
INSERT INTO phone (phone_number,person_id)
VALUES
  ('056-480-7514',214),
  ('015-418-4727',374),
  ('068-303-7162',435),
  ('048-423-7817',29),
  ('006-720-3398',253),
  ('051-504-5376',293),
  ('086-832-4826',473),
  ('088-792-0083',427),
  ('039-293-6723',123),
  ('076-431-6284',347);
INSERT INTO phone (phone_number,person_id)
VALUES
  ('016-125-5082',215),
  ('039-406-3682',298),
  ('032-895-5812',355),
  ('018-731-6223',419),
  ('008-648-6399',148),
  ('078-255-6724',335),
  ('072-712-3033',497),
  ('088-767-6088',448),
  ('021-468-5275',94),
  ('068-836-5277',442);
INSERT INTO phone (phone_number,person_id)
VALUES
  ('052-656-7555',313),
  ('072-381-7327',228),
  ('076-161-1767',490),
  ('002-320-8727',58),
  ('041-886-7821',114),
  ('018-934-8475',153),
  ('036-051-6367',137),
  ('006-532-3906',343),
  ('079-211-6513',418),
  ('018-758-8076',407);
INSERT INTO phone (phone_number,person_id)
VALUES
  ('014-468-8138',8),
  ('082-645-8855',253),
  ('083-562-4764',163),
  ('029-510-3102',359),
  ('061-872-6481',72),
  ('045-389-4744',385),
  ('024-765-7759',290),
  ('065-768-7488',392),
  ('018-523-2663',429),
  ('096-145-8124',238);
INSERT INTO phone (phone_number,person_id)
VALUES
  ('053-264-7453',414),
  ('066-156-3875',294),
  ('028-788-8166',96),
  ('075-736-8563',464),
  ('088-652-1775',4),
  ('011-781-8176',10),
  ('042-764-2739',61),
  ('008-101-4408',425),
  ('002-238-6522',396),
  ('036-598-3525',439);
INSERT INTO phone (phone_number,person_id)
VALUES
  ('008-910-7448',162),
  ('058-584-8281',384),
  ('074-465-3512',187),
  ('055-839-7354',21),
  ('023-355-5582',344),
  ('039-552-3100',67),
  ('023-236-7261',298),
  ('017-238-2425',397),
  ('063-332-8832',110),
  ('041-267-3477',41);
INSERT INTO phone (phone_number,person_id)
VALUES
  ('010-339-2101',382),
  ('088-835-4514',316),
  ('046-251-8110',445),
  ('045-161-5837',304),
  ('055-463-0313',83),
  ('016-347-1317',115),
  ('002-450-2135',167),
  ('047-969-5286',379),
  ('081-332-3531',75),
  ('093-406-5841',319);
INSERT INTO phone (phone_number,person_id)
VALUES
  ('005-198-3188',252),
  ('004-129-6751',119),
  ('053-351-9126',180),
  ('065-521-4873',381),
  ('040-672-7055',166),
  ('076-431-1868',361),
  ('079-835-2669',343),
  ('081-416-5571',498),
  ('025-472-7028',210),
  ('080-647-5723',401);
INSERT INTO phone (phone_number,person_id)
VALUES
  ('081-973-1365',224),
  ('018-155-8047',311),
  ('018-879-8271',103),
  ('045-877-3435',260),
  ('011-231-4914',285),
  ('069-269-5276',190),
  ('052-972-9488',451),
  ('053-527-6117',342),
  ('061-495-8872',285),
  ('032-215-8606',99);
INSERT INTO phone (phone_number,person_id)
VALUES
  ('085-462-3191',23),
  ('035-286-7079',98),
  ('073-240-0699',174),
  ('025-377-6574',71),
  ('079-321-8866',202),
  ('081-595-4535',243),
  ('013-104-7293',157),
  ('089-023-4761',21),
  ('033-832-4284',42),
  ('069-022-6155',20);
INSERT INTO phone (phone_number,person_id)
VALUES
  ('047-580-5294',136),
  ('023-123-2785',231),
  ('081-089-5457',223),
  ('037-618-4467',500),
  ('040-133-7565',498),
  ('020-281-6982',409),
  ('042-316-2881',281),
  ('072-465-9513',165),
  ('001-127-3834',325),
  ('042-988-0468',380);
INSERT INTO phone (phone_number,person_id)
VALUES
  ('025-114-3089',149),
  ('024-459-8950',189),
  ('038-195-8950',473),
  ('047-818-8827',467),
  ('033-375-3552',273),
  ('088-724-0296',87),
  ('064-663-4781',407),
  ('072-144-8844',323),
  ('066-767-3647',478),
  ('059-936-1953',390);
INSERT INTO phone (phone_number,person_id)
VALUES
  ('063-332-4251',211),
  ('027-187-2780',47),
  ('069-423-4404',150),
  ('013-953-3844',465),
  ('090-138-1058',74),
  ('070-132-3127',318),
  ('023-406-4226',215),
  ('058-427-9447',487),
  ('005-349-6480',490),
  ('080-463-1761',333);
INSERT INTO phone (phone_number,person_id)
VALUES
  ('027-468-4683',170),
  ('059-828-8573',271),
  ('025-244-0545',191),
  ('050-345-0265',447),
  ('064-933-1286',229),
  ('053-606-2521',62),
  ('023-551-5557',204),
  ('041-344-2300',304),
  ('038-484-8291',197),
  ('017-781-2232',91);
INSERT INTO phone (phone_number,person_id)
VALUES
  ('067-491-4241',184),
  ('033-131-3512',16),
  ('019-199-1340',393),
  ('085-277-9367',298),
  ('040-526-4821',322),
  ('023-066-4461',403),
  ('044-241-4338',359),
  ('011-580-9118',375),
  ('025-873-5684',440),
  ('036-705-8868',275);
INSERT INTO phone (phone_number,person_id)
VALUES
  ('047-086-5924',329),
  ('031-441-9125',99),
  ('055-889-2061',468),
  ('095-337-5987',422),
  ('021-816-4360',306),
  ('051-925-3051',132),
  ('070-722-8270',367),
  ('039-624-1441',251),
  ('066-636-6832',383),
  ('078-580-1402',160);
INSERT INTO phone (phone_number,person_id)
VALUES
  ('053-623-0183',214),
  ('004-431-7807',429),
  ('051-622-4472',490),
  ('047-642-4380',189),
  ('076-166-2552',409),
  ('067-144-1717',169),
  ('077-482-1645',161),
  ('065-529-6622',466),
  ('052-785-9236',379),
  ('042-735-2334',224);
INSERT INTO phone (phone_number,person_id)
VALUES
  ('044-170-3875',339),
  ('034-380-7745',465),
  ('041-124-6028',29),
  ('013-636-6475',391),
  ('071-004-2756',91),
  ('030-782-5817',272),
  ('039-233-6502',193),
  ('051-971-5685',336),
  ('014-768-7331',91),
  ('078-278-9051',306);
INSERT INTO phone (phone_number,person_id)
VALUES
  ('016-654-8937',414),
  ('060-611-9363',145),
  ('033-692-5196',82),
  ('017-188-4799',354),
  ('076-876-6425',392),
  ('099-948-1163',466),
  ('054-187-6617',307),
  ('004-147-6191',258),
  ('044-960-4234',437),
  ('057-435-3383',100);
INSERT INTO phone (phone_number,person_id)
VALUES
  ('015-895-6044',144),
  ('026-364-2333',338),
  ('033-629-2888',77),
  ('046-922-7294',275),
  ('031-251-0353',27),
  ('021-127-4442',243),
  ('056-520-0015',454),
  ('088-758-3815',7),
  ('084-288-6788',216),
  ('049-731-8240',362);
INSERT INTO phone (phone_number,person_id)
VALUES
  ('071-114-7038',129),
  ('045-438-0774',28),
  ('010-799-7485',44),
  ('087-153-6625',488),
  ('024-227-2724',423),
  ('042-356-3729',18),
  ('085-282-0054',6),
  ('063-930-1631',228),
  ('081-245-6843',447),
  ('074-526-6968',216);
INSERT INTO phone (phone_number,person_id)
VALUES
  ('055-768-6454',43),
  ('021-962-7552',298),
  ('073-746-2651',133),
  ('022-966-2387',280),
  ('072-513-6441',254),
  ('086-522-7062',99),
  ('082-883-9728',299),
  ('050-521-7118',419),
  ('018-653-4155',377),
  ('013-898-5449',203);
INSERT INTO phone (phone_number,person_id)
VALUES
  ('055-737-6629',411),
  ('086-862-1658',454),
  ('024-231-1329',145),
  ('053-362-0576',208),
  ('041-288-6533',436),
  ('047-514-7344',39),
  ('011-822-6229',131),
  ('032-145-7382',189),
  ('040-517-7435',36),
  ('084-124-1475',231);
INSERT INTO phone (phone_number,person_id)
VALUES
  ('053-300-8147',482),
  ('082-587-7175',186),
  ('032-648-1560',296),
  ('074-372-1322',3),
  ('017-417-8231',392),
  ('027-057-3368',259),
  ('034-435-5856',106),
  ('013-825-3603',2),
  ('036-382-3395',450),
  ('049-647-8467',361);
INSERT INTO phone (phone_number,person_id)
VALUES
  ('033-596-7038',205),
  ('083-672-0613',219),
  ('011-035-6811',34),
  ('051-073-7879',253),
  ('032-023-8602',111),
  ('021-581-1850',339),
  ('091-318-4112',287),
  ('044-812-2562',343),
  ('030-525-6145',86),
  ('028-527-5482',433);
INSERT INTO phone (phone_number,person_id)
VALUES
  ('066-753-8215',180),
  ('051-375-5743',336),
  ('068-415-6957',56),
  ('062-577-1912',27),
  ('072-816-6038',22),
  ('024-578-7298',463),
  ('007-747-1315',2),
  ('043-595-7819',499),
  ('066-167-6246',302),
  ('016-197-5723',397);
INSERT INTO phone (phone_number,person_id)
VALUES
  ('043-759-6725',447),
  ('016-788-4287',25),
  ('048-778-5585',354),
  ('082-883-1778',430),
  ('028-767-1744',494),
  ('052-097-4140',281),
  ('032-311-6844',21),
  ('076-873-0379',149),
  ('085-124-6336',392),
  ('075-861-2818',253);
INSERT INTO phone (phone_number,person_id)
VALUES
  ('011-871-2742',239),
  ('019-231-7851',401),
  ('064-922-2720',430),
  ('043-927-7566',210),
  ('052-653-6668',22),
  ('034-179-4466',396),
  ('038-884-4108',387),
  ('076-144-2788',485),
  ('068-560-6889',203),
  ('073-837-1412',468);
INSERT INTO phone (phone_number,person_id)
VALUES
  ('022-386-7932',361),
  ('028-516-7172',470),
  ('047-902-1503',11),
  ('002-159-6687',260),
  ('023-929-2799',423),
  ('065-643-8526',207),
  ('011-772-9627',203),
  ('038-608-6562',142),
  ('020-229-6736',34),
  ('023-844-8303',454);
INSERT INTO phone (phone_number,person_id)
VALUES
  ('076-645-5585',438),
  ('023-251-8444',254),
  ('058-718-4626',335),
  ('066-728-3417',219),
  ('073-897-3697',241),
  ('079-032-2558',73),
  ('003-422-7489',21),
  ('034-235-1355',379),
  ('081-622-6420',35),
  ('094-843-4367',22);
INSERT INTO email (email_address,person_id)
VALUES
  ('mus.proin@hotmail.net',1),
  ('imperdiet.ornare.in@google.edu',2),
  ('sed@hotmail.edu',3),
  ('facilisis.facilisis@protonmail.couk',4),
  ('aliquam.nisl.nulla@protonmail.com',5),
  ('luctus.et@hotmail.ca',6),
  ('lectus@outlook.ca',7),
  ('sed.malesuada@yahoo.edu',8),
  ('tempus.lorem@google.couk',9),
  ('convallis.ante@google.org',10);
INSERT INTO email (email_address,person_id)
VALUES
  ('nunc.ullamcorper.velit@protonmail.net',11),
  ('rhoncus@google.couk',12),
  ('aliquam.adipiscing.lacus@outlook.org',13),
  ('orci.ut@hotmail.edu',14),
  ('duis.mi@outlook.com',15),
  ('in@google.edu',16),
  ('enim@protonmail.com',17),
  ('sed.dictum@outlook.edu',18),
  ('enim.non@icloud.net',19),
  ('mus.aenean.eget@hotmail.couk',20);
INSERT INTO email (email_address,person_id)
VALUES
  ('augue.eu@hotmail.ca',21),
  ('id@google.com',22),
  ('nulla.ante@google.ca',23),
  ('libero@icloud.net',24),
  ('nibh.vulputate@icloud.net',25),
  ('quam.pellentesque.habitant@outlook.couk',26),
  ('litora.torquent.per@google.couk',27),
  ('purus.maecenas@icloud.couk',28),
  ('in.molestie@icloud.couk',29),
  ('sed.pede.nec@hotmail.ca',30);
INSERT INTO email (email_address,person_id)
VALUES
  ('quam@google.edu',31),
  ('ullamcorper.velit@google.edu',32),
  ('aliquet.lobortis@icloud.com',33),
  ('auctor.quis@protonmail.org',34),
  ('auctor.vitae.aliquet@outlook.org',35),
  ('sem.semper@google.couk',36),
  ('nunc@yahoo.net',37),
  ('volutpat.nulla@aol.couk',38),
  ('neque.non.quam@google.net',39),
  ('vitae@hotmail.com',40);
INSERT INTO email (email_address,person_id)
VALUES
  ('ac@protonmail.edu',41),
  ('in.tempus.eu@icloud.edu',42),
  ('egestas.fusce@protonmail.couk',43),
  ('suspendisse@aol.com',44),
  ('class.aptent@aol.couk',45),
  ('leo.cras.vehicula@aol.org',46),
  ('lorem.tristique.aliquet@aol.couk',47),
  ('ac.sem@outlook.com',48),
  ('senectus.et.netus@protonmail.net',49),
  ('aliquet.magna@hotmail.net',50);
INSERT INTO email (email_address,person_id)
VALUES
  ('ut.mi@protonmail.couk',51),
  ('at.nisi@hotmail.ca',52),
  ('pellentesque.massa.lobortis@aol.com',53),
  ('nulla.in@aol.couk',54),
  ('aliquam.iaculis.lacus@icloud.org',55),
  ('nec.ante@protonmail.net',56),
  ('iaculis@outlook.org',57),
  ('phasellus@hotmail.com',58),
  ('amet.consectetuer.adipiscing@hotmail.ca',59),
  ('dis.parturient@yahoo.ca',60);
INSERT INTO email (email_address,person_id)
VALUES
  ('non.arcu@outlook.edu',61),
  ('egestas@icloud.edu',62),
  ('nunc.sed.libero@aol.org',63),
  ('in.molestie@aol.couk',64),
  ('id@yahoo.edu',65),
  ('eu.sem@protonmail.net',66),
  ('sit@hotmail.edu',67),
  ('vitae@protonmail.edu',68),
  ('ligula.elit@hotmail.edu',69),
  ('duis@hotmail.edu',70);
INSERT INTO email (email_address,person_id)
VALUES
  ('dui.fusce.diam@icloud.net',71),
  ('suspendisse.ac.metus@aol.net',72),
  ('imperdiet.dictum.magna@outlook.net',73),
  ('nec@yahoo.net',74),
  ('pellentesque.sed.dictum@google.ca',75),
  ('sem@protonmail.org',76),
  ('nulla.tempor@yahoo.org',77),
  ('nullam.ut@icloud.ca',78),
  ('tellus@yahoo.edu',79),
  ('feugiat.non@protonmail.org',80);
INSERT INTO email (email_address,person_id)
VALUES
  ('luctus.sit@yahoo.couk',81),
  ('ipsum@protonmail.org',82),
  ('placerat.orci@aol.couk',83),
  ('ornare.in@outlook.com',84),
  ('nulla.in@hotmail.ca',85),
  ('bibendum.fermentum@icloud.ca',86),
  ('orci.lacus@protonmail.org',87),
  ('sit.amet@icloud.ca',88),
  ('mi.pede@yahoo.ca',89),
  ('in.felis.nulla@protonmail.com',90);
INSERT INTO email (email_address,person_id)
VALUES
  ('sem.ut@aol.couk',91),
  ('tincidunt@google.org',92),
  ('tortor@protonmail.com',93),
  ('nisl.quisque@aol.com',94),
  ('ut.erat.sed@aol.edu',95),
  ('in.lorem.donec@outlook.org',96),
  ('dui.quis.accumsan@outlook.org',97),
  ('eu.nulla@hotmail.net',98),
  ('vestibulum.mauris@protonmail.org',99),
  ('lorem@aol.com',100);
INSERT INTO email (email_address,person_id)
VALUES
  ('gravida.praesent@yahoo.edu',101),
  ('euismod.mauris@outlook.ca',102),
  ('neque@yahoo.edu',103),
  ('diam@hotmail.ca',104),
  ('lacus@protonmail.org',105),
  ('nostra.per@aol.ca',106),
  ('etiam.laoreet@hotmail.com',107),
  ('aptent@yahoo.net',108),
  ('eu.sem@protonmail.org',109),
  ('sed.libero.proin@hotmail.org',110);
INSERT INTO email (email_address,person_id)
VALUES
  ('sodales@google.couk',111),
  ('a@protonmail.org',112),
  ('elit@google.org',113),
  ('et.netus.et@outlook.edu',114),
  ('nunc.sed.pede@google.ca',115),
  ('blandit.enim@hotmail.edu',116),
  ('natoque.penatibus.et@protonmail.couk',117),
  ('euismod.ac@icloud.couk',118),
  ('malesuada.malesuada.integer@hotmail.edu',119),
  ('feugiat.non.lobortis@protonmail.org',120);
INSERT INTO email (email_address,person_id)
VALUES
  ('tempor.erat@google.org',121),
  ('magna.a@hotmail.net',122),
  ('porttitor.interdum.sed@protonmail.ca',123),
  ('egestas.sed@aol.net',124),
  ('euismod@yahoo.edu',125),
  ('feugiat.nec@hotmail.net',126),
  ('tempor.arcu@outlook.couk',127),
  ('arcu.sed.et@protonmail.org',128),
  ('non.dui@google.org',129),
  ('vel.venenatis.vel@aol.net',130);
INSERT INTO email (email_address,person_id)
VALUES
  ('sem.eget@yahoo.com',131),
  ('metus.vitae@google.net',132),
  ('odio.sagittis@google.org',133),
  ('accumsan.neque@protonmail.com',134),
  ('arcu@google.com',135),
  ('ante.dictum.cursus@aol.ca',136),
  ('quam.curabitur@aol.edu',137),
  ('magna.praesent@icloud.edu',138),
  ('donec.est@google.ca',139),
  ('ullamcorper@google.edu',140);
INSERT INTO email (email_address,person_id)
VALUES
  ('quisque@outlook.org',141),
  ('sapien.cursus@hotmail.com',142),
  ('morbi.metus@icloud.org',143),
  ('consectetuer.mauris.id@icloud.com',144),
  ('nullam.lobortis@hotmail.com',145),
  ('cursus.diam.at@icloud.ca',146),
  ('tincidunt.neque@google.ca',147),
  ('diam.dictum.sapien@outlook.couk',148),
  ('eget@yahoo.org',149),
  ('sed.sapien@icloud.com',150);
INSERT INTO email (email_address,person_id)
VALUES
  ('luctus.aliquet.odio@outlook.couk',151),
  ('ornare.lectus@yahoo.net',152),
  ('sodales.elit.erat@google.ca',153),
  ('malesuada.fames@yahoo.ca',154),
  ('nec.orci@yahoo.edu',155),
  ('at.sem.molestie@yahoo.org',156),
  ('pretium.et@outlook.edu',157),
  ('libero.nec.ligula@icloud.couk',158),
  ('dictum.eu@yahoo.org',159),
  ('consectetuer.adipiscing@yahoo.edu',160);
INSERT INTO email (email_address,person_id)
VALUES
  ('consequat.enim.diam@aol.org',161),
  ('ullamcorper.eu@hotmail.couk',162),
  ('mauris.vestibulum.neque@icloud.net',163),
  ('montes.nascetur@icloud.com',164),
  ('nisl@yahoo.com',165),
  ('praesent.eu.nulla@aol.org',166),
  ('ipsum.primis@outlook.couk',167),
  ('a.enim.suspendisse@protonmail.ca',168),
  ('aliquam@outlook.ca',169),
  ('eu.turpis@yahoo.ca',170);
INSERT INTO email (email_address,person_id)
VALUES
  ('lacinia.orci@outlook.org',171),
  ('urna.convallis.erat@aol.net',172),
  ('quis.urna.nunc@icloud.couk',173),
  ('cras.pellentesque@protonmail.org',174),
  ('venenatis.a.magna@google.org',175),
  ('ornare.facilisis@protonmail.ca',176),
  ('consectetuer.euismod@aol.ca',177),
  ('ut.sagittis@yahoo.org',178),
  ('est@hotmail.edu',179),
  ('eget.laoreet@yahoo.ca',180);
INSERT INTO email (email_address,person_id)
VALUES
  ('lacus.vestibulum@outlook.ca',181),
  ('suspendisse.ac@yahoo.com',182),
  ('consectetuer@icloud.org',183),
  ('nullam.feugiat@yahoo.net',184),
  ('in.scelerisque@outlook.couk',185),
  ('est@outlook.org',186),
  ('nunc.ac@aol.edu',187),
  ('nibh.lacinia@google.edu',188),
  ('molestie.arcu@outlook.net',189),
  ('purus.duis@yahoo.edu',190);
INSERT INTO email (email_address,person_id)
VALUES
  ('egestas.rhoncus@hotmail.com',191),
  ('in.cursus@protonmail.ca',192),
  ('tempus.eu@aol.ca',193),
  ('lorem.donec@protonmail.ca',194),
  ('eleifend@yahoo.ca',195),
  ('sed.et.libero@yahoo.couk',196),
  ('laoreet@yahoo.net',197),
  ('eu.tempor@hotmail.edu',198),
  ('neque.nullam.ut@aol.ca',199),
  ('eget.laoreet@google.net',200);
INSERT INTO email (email_address,person_id)
VALUES
  ('elit.dictum@outlook.ca',201),
  ('et.libero@icloud.edu',202),
  ('orci.lacus.vestibulum@protonmail.net',203),
  ('a.odio.semper@hotmail.net',204),
  ('enim.gravida.sit@hotmail.org',205),
  ('a.odio@google.edu',206),
  ('placerat.augue@icloud.couk',207),
  ('non.sapien@aol.com',208),
  ('rutrum.lorem@aol.couk',209),
  ('arcu.vivamus@yahoo.net',210);
INSERT INTO email (email_address,person_id)
VALUES
  ('dictum.mi@icloud.org',211),
  ('felis.eget.varius@icloud.edu',212),
  ('amet@hotmail.ca',213),
  ('quam.pellentesque@protonmail.edu',214),
  ('eu.lacus.quisque@protonmail.couk',215),
  ('vel@protonmail.ca',216),
  ('magna.tellus@yahoo.edu',217),
  ('semper.cursus.integer@protonmail.net',218),
  ('nibh.sit@icloud.net',219),
  ('sit@protonmail.net',220);
INSERT INTO email (email_address,person_id)
VALUES
  ('aliquam.vulputate@aol.com',221),
  ('vulputate.ullamcorper@icloud.ca',222),
  ('turpis.egestas@protonmail.com',223),
  ('metus.facilisis@protonmail.couk',224),
  ('ipsum@protonmail.ca',225),
  ('tincidunt.adipiscing@aol.org',226),
  ('quisque.fringilla@google.edu',227),
  ('dapibus@yahoo.org',228),
  ('dui@protonmail.edu',229),
  ('elementum.purus.accumsan@protonmail.net',230);
INSERT INTO email (email_address,person_id)
VALUES
  ('pharetra.nibh@yahoo.ca',231),
  ('et@outlook.org',232),
  ('etiam@google.couk',233),
  ('lobortis@protonmail.edu',234),
  ('sed.molestie.sed@outlook.ca',235),
  ('a.auctor.non@protonmail.edu',236),
  ('duis.risus.odio@aol.ca',237),
  ('imperdiet.erat.nonummy@google.org',238),
  ('egestas.ligula.nullam@hotmail.com',239),
  ('mus.proin@hotmail.couk',240);
INSERT INTO email (email_address,person_id)
VALUES
  ('magna.lorem.ipsum@google.net',241),
  ('dictum@hotmail.org',242),
  ('suspendisse.dui.fusce@icloud.net',243),
  ('nam.tempor@outlook.edu',244),
  ('sit@protonmail.net',245),
  ('pharetra@aol.edu',246),
  ('tincidunt@hotmail.ca',247),
  ('sapien.gravida@google.net',248),
  ('nunc.est.mollis@aol.net',249),
  ('eu@google.com',250);
INSERT INTO email (email_address,person_id)
VALUES
  ('massa.vestibulum.accumsan@hotmail.com',251),
  ('magna.praesent@outlook.net',252),
  ('orci.lobortis@icloud.net',253),
  ('cras@hotmail.ca',254),
  ('vestibulum.mauris.magna@google.edu',255),
  ('magna.et@outlook.com',256),
  ('per.inceptos@aol.couk',257),
  ('a.malesuada@outlook.org',258),
  ('donec.feugiat@icloud.couk',259),
  ('rutrum.magna@protonmail.com',260);
INSERT INTO email (email_address,person_id)
VALUES
  ('non.magna@icloud.net',261),
  ('lacus.mauris@hotmail.com',262),
  ('vitae@outlook.com',263),
  ('nec.ante@google.net',264),
  ('montes@yahoo.com',265),
  ('et.rutrum@google.edu',266),
  ('eu.tellus@icloud.ca',267),
  ('vitae@outlook.edu',268),
  ('molestie.sodales@google.com',269),
  ('auctor@hotmail.org',270);
INSERT INTO email (email_address,person_id)
VALUES
  ('orci.tincidunt@outlook.net',271),
  ('interdum.enim.non@hotmail.edu',272),
  ('integer.vulputate@hotmail.ca',273),
  ('sem.egestas@icloud.couk',274),
  ('amet.massa.quisque@yahoo.com',275),
  ('blandit.nam@outlook.com',276),
  ('et.netus@icloud.edu',277),
  ('sollicitudin@hotmail.com',278),
  ('risus@icloud.ca',279),
  ('ornare@protonmail.couk',280);
INSERT INTO email (email_address,person_id)
VALUES
  ('tristique@aol.ca',281),
  ('est@hotmail.couk',282),
  ('duis.ac.arcu@hotmail.ca',283),
  ('vestibulum.ante@protonmail.couk',284),
  ('molestie.orci@aol.org',285),
  ('semper@protonmail.edu',286),
  ('posuere.cubilia.curae@google.com',287),
  ('feugiat.non@yahoo.org',288),
  ('quisque.varius@icloud.net',289),
  ('convallis.dolor.quisque@protonmail.com',290);
INSERT INTO email (email_address,person_id)
VALUES
  ('non.hendrerit.id@yahoo.net',291),
  ('at.pretium@aol.ca',292),
  ('sociis@hotmail.com',293),
  ('rutrum@hotmail.net',294),
  ('mauris@icloud.ca',295),
  ('vehicula.aliquet@protonmail.com',296),
  ('egestas.aliquam@icloud.org',297),
  ('ornare@hotmail.net',298),
  ('ornare.egestas@icloud.org',299),
  ('fusce.mi@aol.edu',300);
INSERT INTO email (email_address,person_id)
VALUES
  ('lectus@icloud.com',301),
  ('nullam.feugiat@icloud.edu',302),
  ('cras.lorem.lorem@aol.org',303),
  ('consequat@google.edu',304),
  ('metus.eu@hotmail.couk',305),
  ('diam.duis@outlook.org',306),
  ('risus.quisque@protonmail.net',307),
  ('urna.ut@icloud.com',308),
  ('dolor.elit@google.ca',309),
  ('donec@aol.ca',310);
INSERT INTO email (email_address,person_id)
VALUES
  ('consequat.enim@aol.edu',311),
  ('molestie.in@hotmail.net',312),
  ('felis.eget@aol.com',313),
  ('nisi@outlook.ca',314),
  ('faucibus.lectus@aol.com',315),
  ('vulputate.velit@aol.com',316),
  ('tristique.pharetra.quisque@hotmail.ca',317),
  ('non.sapien@icloud.net',318),
  ('pede@outlook.com',319),
  ('donec.nibh@protonmail.com',320);
INSERT INTO email (email_address,person_id)
VALUES
  ('turpis.in@hotmail.com',321),
  ('accumsan.convallis.ante@google.couk',322),
  ('erat.in.consectetuer@protonmail.ca',323),
  ('lectus.pede.ultrices@protonmail.org',324),
  ('eget.lacus.mauris@yahoo.com',325),
  ('ligula.aliquam@google.ca',326),
  ('eget.tincidunt.dui@hotmail.edu',327),
  ('imperdiet.ullamcorper@outlook.org',328),
  ('quisque@google.com',329),
  ('lectus.a@hotmail.org',330);
INSERT INTO email (email_address,person_id)
VALUES
  ('molestie.dapibus.ligula@google.couk',331),
  ('enim.condimentum.eget@protonmail.com',332),
  ('elementum@yahoo.com',333),
  ('eu.neque@icloud.couk',334),
  ('convallis.in@aol.couk',335),
  ('curabitur.consequat@google.net',336),
  ('mauris.morbi@icloud.couk',337),
  ('nisl.elementum.purus@yahoo.net',338),
  ('aliquam.nec@hotmail.com',339),
  ('dis@icloud.couk',340);
INSERT INTO email (email_address,person_id)
VALUES
  ('ipsum.cursus@icloud.edu',341),
  ('nullam.ut.nisi@outlook.couk',342),
  ('nulla.facilisi@aol.couk',343),
  ('suspendisse.ac@protonmail.org',344),
  ('diam.dictum@protonmail.couk',345),
  ('sit.amet@yahoo.couk',346),
  ('mauris.molestie@icloud.org',347),
  ('diam.lorem@yahoo.com',348),
  ('malesuada.malesuada.integer@outlook.com',349),
  ('velit.sed@aol.couk',350);
INSERT INTO email (email_address,person_id)
VALUES
  ('nec.metus@yahoo.couk',351),
  ('nibh.sit.amet@yahoo.org',352),
  ('consectetuer@outlook.couk',353),
  ('etiam.imperdiet@outlook.couk',354),
  ('ut.sagittis@yahoo.com',355),
  ('et@hotmail.edu',356),
  ('sit.amet.faucibus@google.com',357),
  ('leo.vivamus@protonmail.com',358),
  ('varius.ultrices@google.couk',359),
  ('bibendum.sed.est@protonmail.couk',360);
INSERT INTO email (email_address,person_id)
VALUES
  ('nunc@hotmail.net',361),
  ('pellentesque.a@protonmail.edu',362),
  ('nisi@icloud.ca',363),
  ('curabitur.egestas.nunc@hotmail.com',364),
  ('id.enim.curabitur@google.org',365),
  ('amet.ante.vivamus@outlook.com',366),
  ('et.tristique@yahoo.net',367),
  ('cursus@yahoo.net',368),
  ('malesuada.vel@google.com',369),
  ('accumsan.sed.facilisis@aol.com',370);
INSERT INTO email (email_address,person_id)
VALUES
  ('augue@protonmail.com',371),
  ('nisl@hotmail.ca',372),
  ('donec@yahoo.com',373),
  ('tellus.non@outlook.edu',374),
  ('risus.odio.auctor@google.com',375),
  ('ornare@hotmail.couk',376),
  ('magna.nec@hotmail.edu',377),
  ('vel.venenatis.vel@google.couk',378),
  ('ad.litora.torquent@hotmail.org',379),
  ('magna@hotmail.edu',380);
INSERT INTO email (email_address,person_id)
VALUES
  ('consectetuer.adipiscing@aol.couk',381),
  ('non@outlook.net',382),
  ('amet.ornare.lectus@yahoo.org',383),
  ('eleifend.nec@google.com',384),
  ('per.conubia@aol.net',385),
  ('nulla.dignissim@outlook.org',386),
  ('egestas.lacinia@icloud.com',387),
  ('ipsum.primis@outlook.org',388),
  ('non.enim@hotmail.edu',389),
  ('lorem@hotmail.com',390);
INSERT INTO email (email_address,person_id)
VALUES
  ('convallis.ante.lectus@yahoo.couk',391),
  ('duis@protonmail.org',392),
  ('suspendisse.tristique@hotmail.edu',393),
  ('ut.mi@hotmail.couk',394),
  ('consectetuer@outlook.com',395),
  ('cras.eget.nisi@google.com',396),
  ('egestas@aol.couk',397),
  ('non@outlook.couk',398),
  ('tempus@google.org',399),
  ('volutpat.nulla@outlook.net',400);
INSERT INTO email (email_address,person_id)
VALUES
  ('sapien.cursus.in@icloud.couk',401),
  ('interdum.ligula.eu@outlook.net',402),
  ('vitae@hotmail.ca',403),
  ('suscipit@outlook.org',404),
  ('proin@protonmail.edu',405),
  ('risus.donec@yahoo.edu',406),
  ('tristique.pellentesque@icloud.org',407),
  ('eleifend.egestas@google.edu',408),
  ('aenean.euismod.mauris@outlook.net',409),
  ('facilisis.vitae.orci@outlook.org',410);
INSERT INTO email (email_address,person_id)
VALUES
  ('eu@yahoo.ca',411),
  ('ante.nunc@yahoo.org',412),
  ('amet.nulla@hotmail.net',413),
  ('a.purus@google.couk',414),
  ('amet.risus@google.net',415),
  ('ligula.eu@yahoo.edu',416),
  ('imperdiet@icloud.ca',417),
  ('suspendisse@hotmail.ca',418),
  ('in.scelerisque@protonmail.org',419),
  ('vehicula.pellentesque@icloud.couk',420);
INSERT INTO email (email_address,person_id)
VALUES
  ('felis.eget.varius@outlook.couk',421),
  ('rhoncus.id.mollis@google.net',422),
  ('pharetra.felis@icloud.ca',423),
  ('nec.metus.facilisis@icloud.com',424),
  ('parturient.montes@google.org',425),
  ('turpis@google.edu',426),
  ('aliquam@icloud.com',427),
  ('a.enim@outlook.net',428),
  ('praesent.eu@icloud.com',429),
  ('nulla.ante.iaculis@icloud.edu',430);
INSERT INTO email (email_address,person_id)
VALUES
  ('porttitor.interdum@hotmail.net',431),
  ('arcu.vivamus@protonmail.com',432),
  ('egestas.rhoncus@google.edu',433),
  ('placerat.augue@google.ca',434),
  ('odio.vel.est@google.edu',435),
  ('vivamus@protonmail.couk',436),
  ('cum@google.couk',437),
  ('rutrum.urna.nec@yahoo.ca',438),
  ('aliquam.fringilla.cursus@yahoo.org',439),
  ('lorem.ac@hotmail.edu',440);
INSERT INTO email (email_address,person_id)
VALUES
  ('mattis.integer.eu@icloud.net',441),
  ('ultricies.sem@hotmail.ca',442),
  ('urna.et@hotmail.com',443),
  ('felis.orci.adipiscing@google.ca',444),
  ('sagittis@aol.net',445),
  ('ipsum@google.ca',446),
  ('magna.malesuada@aol.edu',447),
  ('suspendisse@hotmail.ca',448),
  ('facilisis@outlook.edu',449),
  ('nostra.per@aol.couk',450);
INSERT INTO email (email_address,person_id)
VALUES
  ('dictum.sapien@outlook.org',451),
  ('neque.in.ornare@google.org',452),
  ('non.nisi.aenean@google.couk',453),
  ('in@hotmail.net',454),
  ('massa.non@icloud.net',455),
  ('mauris.blandit.enim@aol.ca',456),
  ('lobortis.tellus.justo@protonmail.com',457),
  ('aliquam@outlook.net',458),
  ('sit.amet@yahoo.ca',459),
  ('nibh.donec.est@outlook.edu',460);
INSERT INTO email (email_address,person_id)
VALUES
  ('enim.commodo@google.ca',461),
  ('neque.sed.eget@google.com',462),
  ('pretium.neque@protonmail.edu',463),
  ('ipsum.nunc@yahoo.org',464),
  ('mauris.molestie@hotmail.couk',465),
  ('in.hendrerit.consectetuer@yahoo.net',466),
  ('sem.ut.cursus@google.edu',467),
  ('sem.egestas@protonmail.org',468),
  ('blandit.congue@yahoo.couk',469),
  ('molestie.pharetra@yahoo.edu',470);
INSERT INTO email (email_address,person_id)
VALUES
  ('dolor.vitae.dolor@outlook.ca',471),
  ('integer.urna.vivamus@google.net',472),
  ('dignissim@yahoo.org',473),
  ('phasellus.nulla.integer@google.net',474),
  ('nec.enim@icloud.org',475),
  ('amet.consectetuer@protonmail.com',476),
  ('lectus.sit@protonmail.edu',477),
  ('eu.enim@protonmail.net',478),
  ('sed@outlook.edu',479),
  ('nisl.nulla@protonmail.com',480);
INSERT INTO email (email_address,person_id)
VALUES
  ('turpis.aliquam.adipiscing@aol.net',481),
  ('sodales.elit@yahoo.ca',482),
  ('leo.morbi@protonmail.couk',483),
  ('blandit.mattis@icloud.couk',484),
  ('amet@hotmail.com',485),
  ('ligula@hotmail.com',486),
  ('vel.pede.blandit@outlook.edu',487),
  ('lacus.cras.interdum@yahoo.org',488),
  ('mollis.integer@icloud.ca',489),
  ('nec.mauris.blandit@google.ca',490);
INSERT INTO email (email_address,person_id)
VALUES
  ('vivamus.molestie@hotmail.net',491),
  ('quisque.fringilla@protonmail.net',492),
  ('tellus.lorem@google.net',493),
  ('ante@aol.couk',494),
  ('diam.at.pretium@yahoo.edu',495),
  ('nulla.in@outlook.couk',496),
  ('et@aol.com',497),
  ('nec.ante@google.couk',498),
  ('sed.eu@hotmail.com',499),
  ('eleifend.nunc@outlook.net',500);

INSERT INTO contact_person_phone (phone_number,contact_person_id)
VALUES
  ('011-945-3584',158),
  ('021-223-8655',224),
  ('046-047-1611',168),
  ('086-261-4443',233),
  ('083-553-5345',149),
  ('047-416-0858',32),
  ('098-986-7624',236),
  ('018-729-2345',233),
  ('019-792-8423',85),
  ('017-668-6246',52);
INSERT INTO contact_person_phone (phone_number,contact_person_id)
VALUES
  ('008-863-5182',198),
  ('013-757-7616',126),
  ('048-401-7222',170),
  ('034-406-0760',34),
  ('068-367-4726',153),
  ('094-774-1248',114),
  ('039-029-3125',242),
  ('021-267-2864',140),
  ('042-832-1356',285),
  ('041-412-7378',40);
INSERT INTO contact_person_phone (phone_number,contact_person_id)
VALUES
  ('086-725-5462',273),
  ('038-604-6742',78),
  ('037-484-2741',120),
  ('007-225-2308',161),
  ('048-509-7958',130),
  ('023-834-5884',251),
  ('096-021-7226',149),
  ('041-447-3621',237),
  ('045-400-1881',146),
  ('014-365-8764',264);
INSERT INTO contact_person_phone (phone_number,contact_person_id)
VALUES
  ('017-324-6602',255),
  ('010-699-2938',217),
  ('020-073-5489',242),
  ('087-154-2825',162),
  ('071-325-5219',68),
  ('098-548-5349',236),
  ('043-141-2678',191),
  ('053-910-5686',96),
  ('054-462-3686',251),
  ('047-388-9294',272);
INSERT INTO contact_person_phone (phone_number,contact_person_id)
VALUES
  ('078-807-1168',117),
  ('038-264-7846',94),
  ('066-143-1736',188),
  ('026-569-2826',90),
  ('067-707-6506',28),
  ('019-808-8242',239),
  ('084-185-2617',127),
  ('056-012-6737',121),
  ('024-936-3546',177),
  ('041-339-6733',145);
INSERT INTO contact_person_phone (phone_number,contact_person_id)
VALUES
  ('055-209-1586',229),
  ('056-133-9289',136),
  ('001-218-4875',19),
  ('055-441-9773',221),
  ('093-013-9289',184),
  ('077-523-3557',202),
  ('053-853-9356',285),
  ('012-261-2456',91),
  ('028-897-5617',122),
  ('061-433-2718',227);
INSERT INTO contact_person_phone (phone_number,contact_person_id)
VALUES
  ('073-720-4830',180),
  ('078-907-6429',176),
  ('062-886-5606',43),
  ('077-352-1406',10),
  ('067-703-6779',7),
  ('003-226-2261',131),
  ('015-635-8663',280),
  ('028-632-8654',285),
  ('058-724-8333',48),
  ('011-386-7568',253);
INSERT INTO contact_person_phone (phone_number,contact_person_id)
VALUES
  ('084-679-8315',105),
  ('047-415-6111',113),
  ('031-158-7323',28),
  ('043-710-7346',199),
  ('058-168-8662',175),
  ('057-241-6264',111),
  ('015-632-8335',202),
  ('047-863-4241',77),
  ('056-296-2926',285),
  ('028-818-5607',294);
INSERT INTO contact_person_phone (phone_number,contact_person_id)
VALUES
  ('086-211-3315',8),
  ('056-146-3681',151),
  ('054-321-5025',221),
  ('034-640-4521',163),
  ('058-491-9111',147),
  ('019-313-6187',286),
  ('086-395-4761',110),
  ('000-091-8235',8),
  ('068-718-1137',58),
  ('051-102-9313',98);
INSERT INTO contact_person_phone (phone_number,contact_person_id)
VALUES
  ('042-465-6414',185),
  ('047-743-1713',242),
  ('004-652-1064',4),
  ('043-889-1438',4),
  ('025-045-1770',244),
  ('077-827-3536',31),
  ('040-422-1351',283),
  ('001-101-8103',229),
  ('043-656-5212',65),
  ('081-647-5555',135);
INSERT INTO contact_person_phone (phone_number,contact_person_id)
VALUES
  ('074-594-5034',235),
  ('032-558-7843',159),
  ('071-174-4384',226),
  ('047-231-1247',43),
  ('044-283-1413',83),
  ('067-771-8227',147),
  ('027-781-1901',139),
  ('041-143-0178',177),
  ('091-655-9827',259),
  ('066-874-9148',227);
INSERT INTO contact_person_phone (phone_number,contact_person_id)
VALUES
  ('024-064-7074',257),
  ('047-706-7727',60),
  ('041-161-2656',122),
  ('058-025-2615',141),
  ('052-578-2224',61),
  ('080-836-6165',278),
  ('026-472-7392',9),
  ('093-298-8048',102),
  ('078-297-0264',68),
  ('031-527-1067',109);
INSERT INTO contact_person_phone (phone_number,contact_person_id)
VALUES
  ('038-973-3161',262),
  ('013-583-0233',220),
  ('066-695-8547',267),
  ('039-538-4854',234),
  ('058-442-6918',221),
  ('017-553-7384',183),
  ('057-578-8567',247),
  ('054-516-2163',164),
  ('084-744-6264',102),
  ('033-823-5375',125);
INSERT INTO contact_person_phone (phone_number,contact_person_id)
VALUES
  ('087-276-2851',206),
  ('019-448-8137',242),
  ('039-385-7457',189),
  ('023-210-6376',74),
  ('036-146-2511',95),
  ('091-946-4758',9),
  ('039-551-7375',238),
  ('011-246-3332',47),
  ('080-506-8085',281),
  ('017-245-3212',127);
INSERT INTO contact_person_phone (phone_number,contact_person_id)
VALUES
  ('045-203-6121',44),
  ('016-489-5564',134),
  ('045-384-3715',224),
  ('018-607-9424',158),
  ('067-881-1879',149),
  ('068-206-1560',124),
  ('015-567-2619',161),
  ('029-417-1361',28),
  ('093-622-8287',270),
  ('088-368-1315',78);
INSERT INTO contact_person_phone (phone_number,contact_person_id)
VALUES
  ('054-554-2313',264),
  ('006-210-7377',101),
  ('077-673-7725',275),
  ('070-312-1288',65),
  ('053-468-2783',3),
  ('082-941-6907',272),
  ('082-841-1737',298),
  ('006-235-8242',242),
  ('077-581-6544',156),
  ('007-423-4362',6);
INSERT INTO contact_person_phone (phone_number,contact_person_id)
VALUES
  ('058-938-4057',196),
  ('013-858-6813',201),
  ('003-766-4762',45),
  ('073-522-9148',233),
  ('049-727-4155',9),
  ('015-498-4535',202),
  ('064-181-5341',170),
  ('071-450-4021',100),
  ('055-466-7554',191),
  ('046-848-2807',209);
INSERT INTO contact_person_phone (phone_number,contact_person_id)
VALUES
  ('022-665-4823',133),
  ('011-105-4375',274),
  ('078-158-4800',191),
  ('051-269-2238',61),
  ('033-825-4578',10),
  ('075-392-7807',153),
  ('099-837-2542',286),
  ('067-267-1584',294),
  ('003-797-6657',242),
  ('066-150-7043',165);
INSERT INTO contact_person_phone (phone_number,contact_person_id)
VALUES
  ('092-571-1537',255),
  ('096-843-2551',22),
  ('034-880-5741',57),
  ('071-817-6745',230),
  ('084-241-6660',117),
  ('036-388-2522',236),
  ('067-580-7167',53),
  ('010-637-0352',45),
  ('062-339-2038',139),
  ('062-412-7689',47);
INSERT INTO contact_person_phone (phone_number,contact_person_id)
VALUES
  ('015-633-1937',242),
  ('020-467-2681',9),
  ('068-718-1916',300),
  ('022-387-9271',196),
  ('037-035-6947',290),
  ('081-980-3623',89),
  ('054-257-6226',195),
  ('058-374-1576',148),
  ('070-730-1416',241),
  ('065-387-4710',169);
INSERT INTO contact_person_phone (phone_number,contact_person_id)
VALUES
  ('087-236-6529',153),
  ('052-475-7120',216),
  ('075-791-2928',242),
  ('046-823-2294',108),
  ('083-186-1757',2),
  ('025-804-8668',92),
  ('057-298-2475',136),
  ('037-446-3457',131),
  ('022-445-9958',168),
  ('024-110-2863',106);
INSERT INTO contact_person_phone (phone_number,contact_person_id)
VALUES
  ('054-751-7807',175),
  ('087-769-8435',17),
  ('077-395-5332',37),
  ('064-787-7292',195),
  ('015-563-4861',55),
  ('058-811-2585',280),
  ('098-860-6397',245),
  ('043-134-7708',93),
  ('056-464-3267',37),
  ('046-658-3784',107);
INSERT INTO contact_person_phone (phone_number,contact_person_id)
VALUES
  ('005-488-6534',154),
  ('031-174-3874',205),
  ('051-713-2541',117),
  ('023-731-2667',24),
  ('062-804-8217',187),
  ('022-823-1745',37),
  ('058-517-4799',206),
  ('053-283-5633',70),
  ('047-993-3804',179),
  ('040-682-7951',36);
INSERT INTO contact_person_phone (phone_number,contact_person_id)
VALUES
  ('051-961-4471',179),
  ('028-284-5314',51),
  ('000-940-0727',240),
  ('094-674-6773',155),
  ('091-897-2416',180),
  ('078-348-3468',16),
  ('063-376-2705',169),
  ('078-451-8881',245),
  ('063-250-8452',282),
  ('015-885-7825',160);
INSERT INTO contact_person_phone (phone_number,contact_person_id)
VALUES
  ('002-888-4100',194),
  ('009-332-9747',187),
  ('047-186-4711',266),
  ('046-632-7376',225),
  ('051-413-4198',38),
  ('022-487-1416',257),
  ('081-626-5565',57),
  ('032-754-1542',290),
  ('023-308-7584',279),
  ('094-138-9267',240);
INSERT INTO contact_person_phone (phone_number,contact_person_id)
VALUES
  ('082-117-4249',138),
  ('032-352-6516',201),
  ('033-101-0383',267),
  ('056-769-3165',273),
  ('000-813-1086',101),
  ('045-381-6116',233),
  ('081-805-2833',75),
  ('056-150-9878',64),
  ('094-511-4115',10),
  ('019-736-1506',161);
INSERT INTO contact_person_phone (phone_number,contact_person_id)
VALUES
  ('046-611-3244',155),
  ('067-773-5516',140),
  ('064-428-4347',150),
  ('097-764-4217',54),
  ('017-123-9748',69),
  ('042-880-6277',28),
  ('013-587-2641',285),
  ('051-569-6841',55),
  ('004-887-8763',186),
  ('094-065-2233',44);
INSERT INTO contact_person_phone (phone_number,contact_person_id)
VALUES
  ('079-470-0439',290),
  ('029-674-1734',136),
  ('055-243-0807',127),
  ('031-668-8875',225),
  ('021-854-6553',99),
  ('077-074-6614',241),
  ('015-372-3848',101),
  ('062-788-1573',41),
  ('086-342-9433',15),
  ('043-414-3742',232);
INSERT INTO contact_person_phone (phone_number,contact_person_id)
VALUES
  ('033-651-6676',235),
  ('033-976-5398',181),
  ('078-121-7265',246),
  ('063-389-1719',149),
  ('011-229-6266',11),
  ('018-771-4386',18),
  ('034-156-9553',106),
  ('048-661-8703',99),
  ('066-104-6828',145),
  ('075-290-1655',118);
INSERT INTO contact_person_phone (phone_number,contact_person_id)
VALUES
  ('015-422-6483',31),
  ('068-237-7684',234),
  ('047-241-4115',188),
  ('021-451-6194',191),
  ('076-428-5176',139),
  ('005-417-2157',107),
  ('054-145-3174',47),
  ('031-282-6172',257),
  ('027-671-7287',172),
  ('072-166-1356',280);
INSERT INTO contact_person_phone (phone_number,contact_person_id)
VALUES
  ('018-845-0610',116),
  ('043-318-7462',271),
  ('093-982-7113',165),
  ('033-372-3317',275),
  ('097-677-6214',109),
  ('038-422-6160',274),
  ('098-501-1091',169),
  ('016-755-2618',281),
  ('075-341-3038',174),
  ('087-011-8241',116);
INSERT INTO contact_person_phone (phone_number,contact_person_id)
VALUES
  ('089-250-6615',149),
  ('022-127-7152',231),
  ('068-203-9120',176),
  ('085-471-8347',274),
  ('029-638-3063',28),
  ('025-147-2470',278),
  ('091-196-4315',122),
  ('063-498-2813',83),
  ('013-022-1948',15),
  ('085-619-2114',97);
INSERT INTO contact_person_phone (phone_number,contact_person_id)
VALUES
  ('037-850-2004',78),
  ('043-358-2148',269),
  ('031-731-2666',244),
  ('074-719-3332',81),
  ('021-176-4836',127),
  ('085-287-3600',165),
  ('092-044-3744',136),
  ('096-052-7398',17),
  ('077-367-5106',95),
  ('062-762-6671',28);
INSERT INTO contact_person_phone (phone_number,contact_person_id)
VALUES
  ('064-631-1689',1),
  ('083-987-1559',4),
  ('035-594-6973',273),
  ('048-891-8660',258),
  ('036-332-6874',278),
  ('063-017-5038',56),
  ('071-884-5048',291),
  ('064-834-6720',38),
  ('018-374-2651',252),
  ('021-503-3238',249);
INSERT INTO contact_person_phone (phone_number,contact_person_id)
VALUES
  ('023-741-6754',245),
  ('025-324-6487',266),
  ('070-739-6775',215),
  ('091-504-2526',222),
  ('057-741-6311',282),
  ('086-378-8356',247),
  ('068-618-6258',239),
  ('012-117-3258',274),
  ('066-381-8513',236),
  ('004-543-5312',258);
INSERT INTO contact_person_phone (phone_number,contact_person_id)
VALUES
  ('037-144-1788',126),
  ('029-310-0786',184),
  ('056-845-5853',28),
  ('047-523-0647',141),
  ('014-240-3185',299),
  ('062-217-5464',152),
  ('057-217-8522',165),
  ('084-815-5254',257),
  ('085-087-4726',149),
  ('057-142-3691',137);
INSERT INTO contact_person_phone (phone_number,contact_person_id)
VALUES
  ('081-435-8388',227),
  ('088-178-9778',21),
  ('083-710-9771',242),
  ('066-204-3106',99),
  ('036-764-1421',117),
  ('026-648-6434',217),
  ('072-118-9477',186),
  ('095-124-9604',108),
  ('098-168-3221',194),
  ('089-770-6196',64);
INSERT INTO contact_person_phone (phone_number,contact_person_id)
VALUES
  ('096-166-7845',169),
  ('093-282-7068',153),
  ('084-757-6745',14),
  ('072-543-6153',91),
  ('021-364-8379',28),
  ('022-341-3378',130),
  ('097-345-3571',126),
  ('087-981-7477',156),
  ('017-049-3418',254),
  ('061-582-3541',185);
INSERT INTO contact_person_phone (phone_number,contact_person_id)
VALUES
  ('007-727-2575',201),
  ('084-727-6238',90),
  ('067-055-2653',245),
  ('076-642-4934',69),
  ('052-561-7078',52),
  ('067-824-8771',48),
  ('027-874-6265',237),
  ('067-517-5845',223),
  ('043-648-9593',51),
  ('036-487-9311',130);
INSERT INTO contact_person_phone (phone_number,contact_person_id)
VALUES
  ('027-438-2750',145),
  ('021-725-6714',118),
  ('097-387-1364',178),
  ('058-777-0425',297),
  ('052-135-8549',59),
  ('048-472-4777',287),
  ('049-342-7561',198),
  ('039-171-7676',118),
  ('053-177-4693',50),
  ('019-741-1702',38);
INSERT INTO contact_person_phone (phone_number,contact_person_id)
VALUES
  ('008-777-1478',34),
  ('045-531-2874',239),
  ('045-371-7154',5),
  ('088-653-6184',27),
  ('021-477-2335',174),
  ('045-971-4114',167),
  ('097-145-5386',39),
  ('083-714-8926',141),
  ('014-433-0902',57),
  ('065-058-6206',68);
INSERT INTO contact_person_phone (phone_number,contact_person_id)
VALUES
  ('080-817-0652',59),
  ('066-928-8568',204),
  ('064-749-9497',275),
  ('083-163-9781',43),
  ('054-626-4418',117),
  ('067-297-3390',231),
  ('065-936-4578',62),
  ('063-002-8483',38),
  ('020-188-0589',299),
  ('047-321-5023',184);
INSERT INTO contact_person_phone (phone_number,contact_person_id)
VALUES
  ('051-861-6031',191),
  ('085-544-5299',38),
  ('038-189-6515',129),
  ('017-594-8484',107),
  ('027-307-2586',17),
  ('026-657-5284',57),
  ('088-460-1025',267),
  ('009-353-2956',200),
  ('008-177-2054',200),
  ('067-304-5534',253);
INSERT INTO contact_person_phone (phone_number,contact_person_id)
VALUES
  ('046-422-8077',132),
  ('072-347-9517',117),
  ('071-725-1677',47),
  ('039-770-7828',221),
  ('073-174-8267',198),
  ('061-844-4542',258),
  ('062-947-8654',134),
  ('008-665-7716',279),
  ('036-753-7541',279),
  ('072-637-9722',182);
INSERT INTO contact_person_phone (phone_number,contact_person_id)
VALUES
  ('022-423-9318',108),
  ('024-340-4331',251),
  ('014-804-8786',212),
  ('071-386-3961',174),
  ('050-984-3412',257),
  ('061-018-2483',122),
  ('053-481-6138',294),
  ('077-233-0584',125),
  ('031-460-4752',50),
  ('017-753-8270',153);
INSERT INTO contact_person_phone (phone_number,contact_person_id)
VALUES
  ('044-199-0251',248),
  ('075-025-8853',24),
  ('012-369-5413',109),
  ('015-831-9081',8),
  ('048-567-1381',69),
  ('016-435-2742',6),
  ('058-914-2179',197),
  ('066-978-6782',100),
  ('086-620-2848',78),
  ('072-763-3635',43);
INSERT INTO contact_person_phone (phone_number,contact_person_id)
VALUES
  ('087-504-9748',153),
  ('069-395-2128',210),
  ('053-715-6046',259),
  ('014-494-9560',221),
  ('012-684-7726',187),
  ('030-579-5383',44),
  ('014-431-7231',37),
  ('023-441-7860',297),
  ('026-534-0468',224),
  ('026-823-0576',210);
INSERT INTO contact_person_phone (phone_number,contact_person_id)
VALUES
  ('060-383-0293',23),
  ('054-315-7268',66),
  ('073-398-1711',136),
  ('086-684-7577',227),
  ('022-263-3546',298),
  ('012-688-2858',207),
  ('066-051-5138',72),
  ('073-615-7655',141),
  ('030-342-6649',88),
  ('057-575-6423',147);
INSERT INTO contact_person_phone (phone_number,contact_person_id)
VALUES
  ('013-253-1456',289),
  ('087-476-2843',177),
  ('031-428-7981',77),
  ('046-476-6202',12),
  ('086-157-0368',192),
  ('089-583-5928',158),
  ('081-705-7757',75),
  ('086-606-7532',261),
  ('065-589-8562',115),
  ('041-075-6399',169);
INSERT INTO contact_person_phone (phone_number,contact_person_id)
VALUES
  ('001-268-8871',179),
  ('022-406-6452',89),
  ('077-636-4372',284),
  ('046-125-2634',17),
  ('078-134-7281',244),
  ('091-757-9473',272),
  ('058-927-0036',163),
  ('072-535-5276',148),
  ('066-728-4688',116),
  ('032-544-5480',51);
INSERT INTO instructor (instructor_id,is_able_to_teach_ensemble,person_id)
VALUES
  (1,'Yes',400),
  (2,'Yes',401),
  (3,'Yes',402),
  (4,'Yes',403),
  (5,'No',404),
  (6,'No',405),
  (7,'No',406),
  (8,'No',407),
  (9,'No',408),
  (10,'No',409);
INSERT INTO instructor (instructor_id,is_able_to_teach_ensemble,person_id)
VALUES
  (11,'Yes',410),
  (12,'No',411),
  (13,'No',412),
  (14,'Yes',413),
  (15,'Yes',414),
  (16,'No',415),
  (17,'Yes',416),
  (18,'Yes',417),
  (19,'Yes',418),
  (20,'Yes',419);
INSERT INTO instructor (instructor_id,is_able_to_teach_ensemble,person_id)
VALUES
  (21,'Yes',420),
  (22,'No',421),
  (23,'No',422),
  (24,'Yes',423),
  (25,'Yes',424),
  (26,'No',425),
  (27,'No',426),
  (28,'Yes',427),
  (29,'Yes',428),
  (30,'No',429);
INSERT INTO instructor (instructor_id,is_able_to_teach_ensemble,person_id)
VALUES
  (31,'No',430),
  (32,'Yes',431),
  (33,'No',432),
  (34,'No',433),
  (35,'No',434),
  (36,'No',435),
  (37,'No',436),
  (38,'Yes',437),
  (39,'Yes',438),
  (40,'No',439);
INSERT INTO instructor (instructor_id,is_able_to_teach_ensemble,person_id)
VALUES
  (41,'Yes',440),
  (42,'No',441),
  (43,'Yes',442),
  (44,'Yes',443),
  (45,'Yes',444),
  (46,'Yes',445),
  (47,'Yes',446),
  (48,'Yes',447),
  (49,'Yes',448),
  (50,'No',449);
INSERT INTO instructor (instructor_id,is_able_to_teach_ensemble,person_id)
VALUES
  (51,'No',450),
  (52,'Yes',451),
  (53,'Yes',452),
  (54,'No',453),
  (55,'No',454),
  (56,'Yes',455),
  (57,'No',456),
  (58,'No',457),
  (59,'Yes',458),
  (60,'No',459);
INSERT INTO instructor (instructor_id,is_able_to_teach_ensemble,person_id)
VALUES
  (61,'Yes',460),
  (62,'No',461),
  (63,'No',462),
  (64,'Yes',463),
  (65,'Yes',464),
  (66,'No',465),
  (67,'Yes',466),
  (68,'No',467),
  (69,'No',468),
  (70,'No',469);
INSERT INTO instructor (instructor_id,is_able_to_teach_ensemble,person_id)
VALUES
  (71,'Yes',470),
  (72,'Yes',471),
  (73,'No',472),
  (74,'No',473),
  (75,'No',474),
  (76,'Yes',475),
  (77,'No',476),
  (78,'No',477),
  (79,'No',478),
  (80,'Yes',479);
INSERT INTO instructor (instructor_id,is_able_to_teach_ensemble,person_id)
VALUES
  (81,'No',480),
  (82,'No',481),
  (83,'Yes',482),
  (84,'Yes',483),
  (85,'Yes',484),
  (86,'No',485),
  (87,'No',486),
  (88,'No',487),
  (89,'No',488),
  (90,'Yes',489);
INSERT INTO instructor (instructor_id,is_able_to_teach_ensemble,person_id)
VALUES
  (91,'Yes',490),
  (92,'Yes',491),
  (93,'No',492),
  (94,'Yes',493),
  (95,'No',494),
  (96,'Yes',495),
  (97,'Yes',496),
  (98,'No',497),
  (99,'No',498),
  (100,'No',499);
INSERT INTO availability (start_time,availability_date,instructor_id,end_time)
VALUES
('1:37 PM','Aug 9, 2024',92,'7:42 PM'),
('1:44 PM','Oct 7, 2024',2,'7:45 PM'),
('2:19 PM','Jun 15, 2023',31,'7:36 PM'),
('2:48 PM','Aug 2, 2023',32,'7:40 PM'),
('1:45 PM','Aug 18, 2023',2,'7:37 PM'),
('1:22 PM','Oct 23, 2023',45,'7:39 PM'),
('1:04 PM','Apr 20, 2023',54,'7:11 PM'),
('2:27 PM','Dec 14, 2023',30,'7:21 PM'),
('1:36 PM','Jan 23, 2024',91,'7:00 PM'),
('2:24 PM','Aug 14, 2023',80,'7:46 PM');
INSERT INTO availability (start_time,availability_date,instructor_id,end_time)
VALUES
('2:00 PM','Sep 2, 2024',82,'7:26 PM'),
('2:25 PM','Sep 24, 2024',24,'7:38 PM'),
('1:08 PM','Dec 27, 2024',1,'7:38 PM'),
('2:21 PM','Aug 29, 2023',74,'7:38 PM'),
('2:55 PM','Sep 12, 2023',77,'7:39 PM'),
('2:53 PM','Nov 2, 2023',77,'7:43 PM'),
('1:33 PM','Jul 21, 2023',75,'7:14 PM'),
('1:22 PM','Apr 21, 2024',17,'7:19 PM'),
('2:59 PM','May 31, 2024',33,'7:08 PM'),
('2:00 PM','Jan 6, 2024',98,'7:51 PM');
INSERT INTO availability (start_time,availability_date,instructor_id,end_time)
VALUES
('1:57 PM','May 4, 2024',81,'7:30 PM'),
('1:00 PM','Oct 29, 2023',83,'7:01 PM'),
('1:19 PM','Jan 13, 2024',22,'7:02 PM'),
('2:18 PM','Aug 13, 2024',41,'7:53 PM'),
('1:53 PM','Jul 8, 2024',45,'7:54 PM'),
('1:29 PM','Jan 8, 2024',73,'7:58 PM'),
('2:37 PM','Mar 29, 2023',83,'7:48 PM'),
('2:23 PM','Dec 8, 2023',78,'7:32 PM'),
('1:44 PM','Jan 21, 2024',43,'7:43 PM'),
('2:20 PM','Jun 13, 2024',3,'7:37 PM');
INSERT INTO availability (start_time,availability_date,instructor_id,end_time)
VALUES
('1:38 PM','Mar 31, 2024',93,'7:25 PM'),
('1:07 PM','Jul 27, 2023',98,'7:25 PM'),
('2:11 PM','Apr 29, 2024',51,'7:18 PM'),
('2:22 PM','Jan 10, 2025',59,'7:47 PM'),
('1:22 PM','Jan 6, 2023',22,'7:19 PM'),
('2:23 PM','Oct 30, 2023',49,'7:40 PM'),
('1:52 PM','Feb 14, 2025',28,'7:49 PM'),
('2:20 PM','Nov 7, 2024',15,'7:10 PM'),
('1:20 PM','Oct 9, 2024',51,'7:11 PM'),
('1:55 PM','Dec 14, 2024',97,'7:17 PM');
INSERT INTO availability (start_time,availability_date,instructor_id,end_time)
VALUES
('2:27 PM','Jan 9, 2025',14,'7:35 PM'),
('1:56 PM','Jul 10, 2023',30,'7:43 PM'),
('1:21 PM','Oct 27, 2023',64,'7:16 PM'),
('1:18 PM','May 10, 2023',80,'7:19 PM'),
('1:48 PM','Feb 6, 2025',85,'7:02 PM'),
('1:31 PM','Jun 11, 2023',62,'7:50 PM'),
('2:34 PM','Sep 14, 2023',87,'7:48 PM'),
('1:59 PM','Mar 18, 2023',55,'7:07 PM'),
('1:31 PM','Feb 11, 2023',7,'7:50 PM'),
('2:31 PM','Jan 25, 2024',45,'7:08 PM');
INSERT INTO availability (start_time,availability_date,instructor_id,end_time)
VALUES
('1:18 PM','Dec 15, 2022',38,'7:42 PM'),
('1:02 PM','May 13, 2024',72,'7:50 PM'),
('1:18 PM','Nov 16, 2024',69,'7:28 PM'),
('2:36 PM','May 16, 2023',17,'7:01 PM'),
('1:50 PM','May 22, 2024',76,'7:41 PM'),
('1:37 PM','Feb 15, 2025',68,'7:19 PM'),
('2:40 PM','Dec 23, 2024',49,'7:56 PM'),
('2:41 PM','Feb 23, 2025',78,'7:39 PM'),
('2:23 PM','Nov 21, 2024',67,'7:27 PM'),
('1:54 PM','Jun 15, 2024',12,'7:31 PM');
INSERT INTO availability (start_time,availability_date,instructor_id,end_time)
VALUES
  ('1:53 PM','May 12, 2023',21,'7:55 PM'),
  ('1:57 PM','Dec 4, 2023',22,'7:22 PM'),
  ('2:35 PM','Jul 12, 2024',86,'7:42 PM'),
  ('2:31 PM','Jul 21, 2024',97,'7:53 PM'),
  ('1:41 PM','Nov 18, 2023',61,'7:16 PM'),
  ('1:56 PM','May 18, 2023',98,'7:50 PM'),
  ('2:58 PM','May 14, 2023',71,'7:14 PM'),
  ('2:53 PM','Jul 10, 2023',57,'7:01 PM'),
  ('2:51 PM','Mar 5, 2024',42,'7:59 PM'),
  ('1:46 PM','Jun 23, 2023',98,'7:39 PM');
INSERT INTO availability (start_time,availability_date,instructor_id,end_time)
VALUES
  ('1:39 PM','Nov 19, 2024',19,'7:06 PM'),
  ('2:50 PM','Apr 14, 2023',71,'7:05 PM'),
  ('1:06 PM','Apr 28, 2024',79,'7:45 PM'),
  ('1:23 PM','Aug 10, 2024',77,'7:20 PM'),
  ('1:43 PM','Jul 14, 2023',89,'7:55 PM'),
  ('1:59 PM','Oct 21, 2024',70,'7:03 PM'),
  ('1:20 PM','Oct 15, 2024',36,'7:51 PM'),
  ('1:00 PM','Sep 8, 2024',80,'7:25 PM'),
  ('1:18 PM','May 3, 2024',30,'7:10 PM'),
  ('1:38 PM','Oct 18, 2023',47,'7:44 PM');
INSERT INTO availability (start_time,availability_date,instructor_id,end_time)
VALUES
  ('1:21 PM','May 10, 2023',22,'7:56 PM'),
  ('1:25 PM','Sep 27, 2023',93,'7:09 PM'),
  ('1:32 PM','Sep 15, 2024',40,'7:14 PM'),
  ('2:56 PM','Feb 7, 2023',16,'7:07 PM'),
  ('2:33 PM','Jan 5, 2023',18,'7:59 PM'),
  ('2:18 PM','Apr 3, 2023',11,'7:46 PM'),
  ('1:58 PM','Mar 26, 2023',21,'7:07 PM'),
  ('1:55 PM','Nov 25, 2024',71,'7:41 PM'),
  ('1:48 PM','Jan 25, 2023',67,'7:51 PM'),
  ('1:15 PM','Nov 12, 2023',13,'7:55 PM');
INSERT INTO availability (start_time,availability_date,instructor_id,end_time)
VALUES
  ('1:37 PM','Feb 21, 2024',45,'7:07 PM'),
  ('1:09 PM','Mar 19, 2023',56,'7:47 PM'),
  ('1:20 PM','Jan 24, 2024',33,'7:02 PM'),
  ('2:41 PM','Sep 6, 2024',46,'7:33 PM'),
  ('1:31 PM','Mar 29, 2024',6,'7:55 PM'),
  ('1:25 PM','Apr 25, 2024',83,'7:16 PM'),
  ('2:01 PM','Feb 21, 2024',16,'7:26 PM'),
  ('1:42 PM','Aug 26, 2023',71,'7:22 PM'),
  ('1:05 PM','Apr 15, 2024',64,'7:26 PM'),
  ('2:26 PM','Jan 15, 2025',76,'7:30 PM');
INSERT INTO availability (start_time,availability_date,instructor_id,end_time)
VALUES
  ('1:09 PM','Oct 8, 2023',12,'7:20 PM'),
  ('1:52 PM','Feb 26, 2025',41,'7:47 PM'),
  ('1:17 PM','Jun 6, 2023',68,'7:41 PM'),
  ('1:50 PM','Nov 30, 2022',45,'7:23 PM'),
  ('1:47 PM','Aug 18, 2024',98,'7:02 PM'),
  ('2:37 PM','May 25, 2024',10,'7:33 PM'),
  ('1:07 PM','Apr 7, 2023',56,'7:17 PM'),
  ('2:09 PM','Apr 27, 2024',78,'7:19 PM'),
  ('2:40 PM','Apr 18, 2023',24,'7:14 PM'),
  ('2:39 PM','Jun 17, 2023',62,'7:36 PM');
INSERT INTO availability (start_time,availability_date,instructor_id,end_time)
VALUES
  ('1:00 PM','May 13, 2023',93,'7:31 PM'),
  ('2:05 PM','May 17, 2023',24,'7:45 PM'),
  ('1:06 PM','Apr 16, 2024',39,'7:28 PM'),
  ('2:59 PM','Nov 25, 2024',93,'7:40 PM'),
  ('1:53 PM','Feb 22, 2023',56,'7:48 PM'),
  ('1:29 PM','May 30, 2024',56,'7:22 PM'),
  ('1:12 PM','Jan 18, 2023',52,'7:21 PM'),
  ('1:36 PM','Nov 18, 2023',72,'7:49 PM'),
  ('2:44 PM','Feb 23, 2024',41,'7:32 PM'),
  ('1:06 PM','Nov 22, 2023',22,'7:04 PM');
INSERT INTO availability (start_time,availability_date,instructor_id,end_time)
VALUES
  ('2:03 PM','Dec 15, 2022',13,'7:32 PM'),
  ('2:31 PM','Oct 28, 2024',35,'7:29 PM'),
  ('1:34 PM','Jan 29, 2025',2,'7:04 PM'),
  ('2:06 PM','Sep 15, 2023',90,'7:30 PM'),
  ('1:15 PM','Sep 9, 2024',76,'7:38 PM'),
  ('1:31 PM','Oct 1, 2023',74,'7:52 PM'),
  ('1:08 PM','Jan 22, 2025',15,'7:03 PM'),
  ('1:55 PM','Jul 2, 2024',21,'7:25 PM'),
  ('1:57 PM','Sep 28, 2023',65,'7:55 PM'),
  ('2:02 PM','Oct 13, 2023',45,'7:35 PM');
INSERT INTO availability (start_time,availability_date,instructor_id,end_time)
VALUES
  ('1:02 PM','Dec 25, 2023',82,'7:15 PM'),
  ('2:30 PM','Mar 4, 2023',91,'7:48 PM'),
  ('2:55 PM','Oct 10, 2023',17,'7:57 PM'),
  ('1:46 PM','Dec 17, 2023',48,'7:56 PM'),
  ('2:50 PM','Feb 11, 2024',62,'7:26 PM'),
  ('1:00 PM','Jan 8, 2025',3,'7:29 PM'),
  ('1:52 PM','May 14, 2024',59,'7:50 PM'),
  ('2:05 PM','Dec 26, 2024',40,'7:11 PM'),
  ('1:55 PM','Jul 22, 2024',82,'7:12 PM'),
  ('2:44 PM','May 1, 2023',34,'7:45 PM');
INSERT INTO availability (start_time,availability_date,instructor_id,end_time)
VALUES
  ('2:35 PM','Aug 15, 2023',81,'7:44 PM'),
  ('2:23 PM','Jan 14, 2023',26,'7:43 PM'),
  ('2:11 PM','Nov 7, 2023',88,'7:52 PM'),
  ('1:49 PM','Aug 19, 2024',22,'7:20 PM'),
  ('2:48 PM','Jan 5, 2024',76,'7:40 PM'),
  ('2:04 PM','Jan 6, 2023',33,'7:40 PM'),
  ('1:49 PM','May 22, 2023',70,'7:26 PM'),
  ('1:33 PM','Jul 12, 2024',61,'7:58 PM'),
  ('1:01 PM','Sep 10, 2024',26,'7:24 PM'),
  ('2:02 PM','Jan 9, 2025',32,'7:07 PM');
INSERT INTO availability (start_time,availability_date,instructor_id,end_time)
VALUES
  ('2:13 PM','Mar 24, 2023',21,'7:50 PM'),
  ('1:09 PM','Jan 8, 2023',73,'7:46 PM'),
  ('1:37 PM','Jan 22, 2025',59,'7:31 PM'),
  ('2:52 PM','Jul 3, 2024',11,'7:07 PM'),
  ('2:16 PM','Nov 12, 2024',47,'7:32 PM'),
  ('2:36 PM','Oct 8, 2023',28,'7:17 PM'),
  ('2:58 PM','Dec 11, 2022',23,'7:55 PM'),
  ('1:38 PM','Jul 3, 2024',97,'7:58 PM'),
  ('2:11 PM','Nov 15, 2023',53,'7:28 PM'),
  ('1:41 PM','May 31, 2024',62,'7:52 PM');
INSERT INTO availability (start_time,availability_date,instructor_id,end_time)
VALUES
  ('1:10 PM','Jan 9, 2023',25,'7:57 PM'),
  ('2:58 PM','Feb 10, 2025',8,'7:06 PM'),
  ('2:47 PM','Jul 15, 2023',48,'7:38 PM'),
  ('2:57 PM','Oct 10, 2024',6,'7:27 PM'),
  ('2:20 PM','Sep 28, 2023',35,'7:17 PM'),
  ('2:05 PM','Mar 3, 2024',8,'7:35 PM'),
  ('1:38 PM','Feb 16, 2024',68,'7:20 PM'),
  ('1:11 PM','Nov 26, 2024',37,'7:58 PM'),
  ('2:47 PM','Feb 2, 2023',52,'7:45 PM'),
  ('2:42 PM','Sep 5, 2024',17,'7:47 PM');
INSERT INTO availability (start_time,availability_date,instructor_id,end_time)
VALUES
  ('1:46 PM','Dec 2, 2024',57,'7:56 PM'),
  ('1:11 PM','Sep 11, 2024',45,'7:38 PM'),
  ('1:08 PM','Feb 19, 2023',9,'7:48 PM'),
  ('2:34 PM','Mar 2, 2023',57,'7:54 PM'),
  ('2:07 PM','Nov 8, 2024',71,'7:28 PM'),
  ('2:35 PM','Jun 3, 2024',59,'7:02 PM'),
  ('2:51 PM','Jun 16, 2024',59,'7:01 PM'),
  ('1:54 PM','Feb 28, 2025',7,'7:08 PM'),
  ('2:55 PM','Aug 1, 2023',35,'7:30 PM'),
  ('1:43 PM','Apr 5, 2023',48,'7:13 PM');
INSERT INTO availability (start_time,availability_date,instructor_id,end_time)
VALUES
  ('2:33 PM','May 30, 2023',50,'7:50 PM'),
  ('1:56 PM','Apr 20, 2023',64,'7:02 PM'),
  ('2:52 PM','Feb 2, 2023',59,'7:40 PM'),
  ('2:44 PM','Nov 21, 2022',95,'7:32 PM'),
  ('2:53 PM','Jun 4, 2024',53,'7:05 PM'),
  ('2:51 PM','May 31, 2023',5,'7:09 PM'),
  ('2:02 PM','May 11, 2023',64,'7:09 PM'),
  ('1:32 PM','Feb 25, 2024',50,'7:43 PM'),
  ('1:25 PM','Apr 24, 2023',52,'7:10 PM'),
  ('2:08 PM','May 21, 2024',27,'7:38 PM');
INSERT INTO availability (start_time,availability_date,instructor_id,end_time)
VALUES
  ('1:25 PM','Aug 30, 2023',78,'7:36 PM'),
  ('1:33 PM','May 5, 2023',76,'7:15 PM'),
  ('1:38 PM','Aug 19, 2024',6,'7:29 PM'),
  ('1:56 PM','Mar 14, 2023',91,'7:20 PM'),
  ('2:16 PM','Oct 9, 2023',39,'7:52 PM'),
  ('1:47 PM','Mar 10, 2023',46,'7:29 PM'),
  ('2:48 PM','Dec 20, 2023',91,'7:21 PM'),
  ('1:56 PM','Oct 27, 2024',31,'7:27 PM'),
  ('2:54 PM','Jun 8, 2023',68,'7:51 PM'),
  ('2:00 PM','Aug 30, 2024',91,'7:47 PM');
INSERT INTO availability (start_time,availability_date,instructor_id,end_time)
VALUES
  ('1:51 PM','Mar 21, 2023',8,'7:49 PM'),
  ('1:26 PM','Feb 14, 2025',79,'7:38 PM'),
  ('1:26 PM','Mar 6, 2023',75,'7:55 PM'),
  ('2:50 PM','Oct 27, 2023',31,'7:01 PM'),
  ('2:23 PM','Jul 31, 2023',24,'7:32 PM'),
  ('1:58 PM','Nov 21, 2022',73,'7:30 PM'),
  ('1:44 PM','Jul 10, 2023',69,'7:40 PM'),
  ('1:15 PM','Jul 31, 2024',37,'7:23 PM'),
  ('2:36 PM','Jan 6, 2024',78,'7:39 PM'),
  ('2:01 PM','Feb 8, 2024',77,'7:01 PM');
INSERT INTO availability (start_time,availability_date,instructor_id,end_time)
VALUES
  ('1:52 PM','Sep 30, 2023',21,'7:44 PM'),
  ('1:53 PM','Oct 16, 2024',1,'7:55 PM'),
  ('1:33 PM','Jul 16, 2023',61,'7:17 PM'),
  ('1:08 PM','Oct 21, 2024',52,'7:34 PM'),
  ('2:19 PM','Dec 5, 2022',72,'7:45 PM'),
  ('1:17 PM','Oct 24, 2024',4,'7:27 PM'),
  ('2:12 PM','Sep 5, 2024',90,'7:00 PM'),
  ('1:31 PM','Jan 18, 2024',25,'7:25 PM'),
  ('2:17 PM','Oct 18, 2023',25,'7:32 PM'),
  ('2:25 PM','Feb 12, 2023',84,'7:30 PM');
INSERT INTO availability (start_time,availability_date,instructor_id,end_time)
VALUES
  ('1:48 PM','Aug 31, 2023',41,'7:45 PM'),
  ('1:01 PM','Jan 31, 2024',35,'7:13 PM'),
  ('1:14 PM','Feb 19, 2023',79,'7:19 PM'),
  ('2:16 PM','Jul 17, 2023',27,'7:59 PM'),
  ('1:59 PM','Aug 16, 2023',2,'7:15 PM'),
  ('2:00 PM','Sep 15, 2024',96,'7:23 PM'),
  ('2:54 PM','Nov 17, 2023',18,'7:14 PM'),
  ('2:17 PM','Dec 10, 2024',37,'7:50 PM'),
  ('2:28 PM','Feb 12, 2023',38,'7:46 PM'),
  ('2:42 PM','Nov 30, 2022',23,'7:47 PM');
INSERT INTO availability (start_time,availability_date,instructor_id,end_time)
VALUES
  ('2:18 PM','Nov 17, 2024',35,'7:14 PM'),
  ('1:55 PM','Feb 22, 2023',32,'7:50 PM'),
  ('2:07 PM','Dec 15, 2024',68,'7:05 PM'),
  ('1:41 PM','Oct 27, 2024',30,'7:21 PM'),
  ('1:32 PM','Jan 23, 2023',64,'7:42 PM'),
  ('2:18 PM','Jul 1, 2023',8,'7:02 PM'),
  ('1:27 PM','Feb 10, 2023',2,'7:26 PM'),
  ('1:12 PM','Jul 2, 2023',71,'7:30 PM'),
  ('1:54 PM','May 16, 2023',47,'7:10 PM'),
  ('2:45 PM','Jun 12, 2024',65,'7:15 PM');
INSERT INTO availability (start_time,availability_date,instructor_id,end_time)
VALUES
  ('1:57 PM','Jan 7, 2024',26,'7:53 PM'),
  ('1:31 PM','May 16, 2024',91,'7:38 PM'),
  ('1:09 PM','Jan 4, 2025',98,'7:44 PM'),
  ('2:23 PM','Nov 21, 2023',43,'7:27 PM'),
  ('2:51 PM','Apr 10, 2024',74,'7:32 PM'),
  ('2:52 PM','Mar 21, 2024',4,'7:50 PM'),
  ('1:41 PM','Jun 19, 2024',37,'7:20 PM'),
  ('1:45 PM','Jul 9, 2023',50,'7:04 PM'),
  ('2:00 PM','Dec 26, 2024',32,'7:02 PM'),
  ('2:08 PM','Dec 16, 2023',81,'7:05 PM');
INSERT INTO availability (start_time,availability_date,instructor_id,end_time)
VALUES
  ('1:20 PM','Mar 21, 2024',24,'7:57 PM'),
  ('1:57 PM','Nov 6, 2024',23,'7:03 PM'),
  ('1:00 PM','Feb 21, 2025',60,'7:22 PM'),
  ('1:08 PM','Dec 18, 2022',40,'7:03 PM'),
  ('1:37 PM','Dec 11, 2022',4,'7:58 PM'),
  ('2:27 PM','Feb 17, 2025',81,'7:12 PM'),
  ('1:06 PM','Jul 7, 2023',6,'7:07 PM'),
  ('1:06 PM','Aug 26, 2023',67,'7:30 PM'),
  ('1:35 PM','May 17, 2023',91,'7:35 PM'),
  ('2:36 PM','Apr 12, 2024',19,'7:41 PM');
INSERT INTO availability (start_time,availability_date,instructor_id,end_time)
VALUES
  ('1:20 PM','May 27, 2023',8,'7:56 PM'),
  ('1:52 PM','Feb 11, 2025',7,'7:55 PM'),
  ('1:53 PM','Mar 6, 2023',69,'7:13 PM'),
  ('2:03 PM','May 16, 2023',8,'7:23 PM'),
  ('2:53 PM','Jan 26, 2024',93,'7:41 PM'),
  ('2:59 PM','Dec 11, 2023',95,'7:16 PM'),
  ('1:12 PM','Jan 24, 2024',71,'7:29 PM'),
  ('1:36 PM','Apr 16, 2023',39,'7:29 PM'),
  ('2:14 PM','Mar 29, 2023',31,'7:19 PM'),
  ('2:38 PM','May 13, 2024',15,'7:54 PM');
INSERT INTO availability (start_time,availability_date,instructor_id,end_time)
VALUES
  ('2:23 PM','Feb 27, 2024',67,'7:20 PM'),
  ('2:08 PM','Mar 9, 2024',14,'7:05 PM'),
  ('1:22 PM','Dec 1, 2022',91,'7:40 PM'),
  ('1:10 PM','Oct 19, 2023',91,'7:09 PM'),
  ('2:03 PM','Apr 7, 2023',74,'7:52 PM'),
  ('1:12 PM','Jul 6, 2024',55,'7:02 PM'),
  ('2:24 PM','Apr 27, 2024',68,'7:49 PM'),
  ('2:22 PM','Aug 29, 2023',89,'7:53 PM'),
  ('1:06 PM','Dec 29, 2023',16,'7:29 PM'),
  ('2:36 PM','Jun 13, 2024',62,'7:48 PM');
INSERT INTO availability (start_time,availability_date,instructor_id,end_time)
VALUES
  ('2:18 PM','Dec 24, 2022',75,'7:34 PM'),
  ('2:12 PM','Dec 31, 2022',33,'7:50 PM'),
  ('1:46 PM','Jun 15, 2023',98,'7:53 PM'),
  ('2:53 PM','Mar 14, 2024',40,'7:40 PM'),
  ('2:47 PM','Feb 18, 2025',49,'7:16 PM'),
  ('2:43 PM','Feb 3, 2023',30,'7:14 PM'),
  ('1:04 PM','Oct 11, 2024',42,'7:46 PM'),
  ('2:37 PM','Nov 17, 2023',11,'7:45 PM'),
  ('1:49 PM','Dec 19, 2024',67,'7:59 PM'),
  ('2:28 PM','Nov 27, 2022',86,'7:38 PM');
INSERT INTO availability (start_time,availability_date,instructor_id,end_time)
VALUES
  ('2:04 PM','Dec 25, 2024',77,'7:33 PM'),
  ('2:54 PM','Nov 30, 2022',3,'7:51 PM'),
  ('2:21 PM','Jul 6, 2024',25,'7:54 PM'),
  ('2:37 PM','Jan 23, 2023',60,'7:17 PM'),
  ('2:46 PM','Aug 16, 2024',52,'7:29 PM'),
  ('2:39 PM','Sep 14, 2024',42,'7:16 PM'),
  ('1:32 PM','Jan 22, 2023',76,'7:07 PM'),
  ('1:19 PM','Oct 14, 2024',26,'7:24 PM'),
  ('1:43 PM','Dec 9, 2024',69,'7:05 PM'),
  ('2:10 PM','Apr 26, 2023',19,'7:15 PM');
  INSERT INTO instructor_skill (instructor_skill_id,skill,instructor_id)
VALUES
  (1,'guitar',1),
  (2,'Harp',2),
  (3,'Drum',3),
  (4,'Accordion',4),
  (5,'Cello',5),
  (6,'Djembe',6),
  (7,'Ukulele',7),
  (8,'set',8),
  (9,'Cello',9),
  (10,'Saxophone',10);
INSERT INTO instructor_skill (instructor_skill_id,skill,instructor_id)
VALUES
  (11,'Banjo',11),
  (12,'Harp',12),
  (13,'Drum',13),
  (14,'Ukulele',14),
  (15,'Banjo',15),
  (16,'Piano',16),
  (17,'Electric',17),
  (18,'Drum',18),
  (19,'Trombone',19),
  (20,'Saxophone',20);
INSERT INTO instructor_skill (instructor_skill_id,skill,instructor_id)
VALUES
  (21,'set',21),
  (22,'Trumpet',22),
  (23,'Harp',23),
  (24,'Guitar',24),
  (25,'Guitar',25),
  (26,'Saxophone',26),
  (27,'Trombone',27),
  (28,'Djembe',28),
  (29,'horn',29),
  (30,'Drum',30);
INSERT INTO instructor_skill (instructor_skill_id,skill,instructor_id)
VALUES
  (31,'Violin',31),
  (32,'Electric',32),
  (33,'Djembe',33),
  (34,'French',34),
  (35,'Djembe',35),
  (36,'Drum',36),
  (37,'set',37),
  (38,'Clarinet',38),
  (39,'Drum',39),
  (40,'Banjo',40);
INSERT INTO instructor_skill (instructor_skill_id,skill,instructor_id)
VALUES
  (41,'horn',41),
  (42,'Trombone',42),
  (43,'guitar',43),
  (44,'horn',44),
  (45,'Oboe',45),
  (46,'Clarinet',46),
  (47,'Cello',47),
  (48,'horn',48),
  (49,'Banjo',49),
  (50,'Cello',50);
INSERT INTO instructor_skill (instructor_skill_id,skill,instructor_id)
VALUES
  (51,'Electric',51),
  (52,'Djembe',52),
  (53,'Accordion',53),
  (54,'Trombone',54),
  (55,'Djembe',55),
  (56,'Trumpet',56),
  (57,'Accordion',57),
  (58,'Flute',58),
  (59,'Ukulele',59),
  (60,'bass',60);
INSERT INTO instructor_skill (instructor_skill_id,skill,instructor_id)
VALUES
  (61,'Cello',61),
  (62,'Trumpet',62),
  (63,'Banjo',63),
  (64,'Cello',64),
  (65,'Banjo',65),
  (66,'Banjo',66),
  (67,'Banjo',67),
  (68,'set',68),
  (69,'Accordion',69),
  (70,'Guitar',70);
INSERT INTO instructor_skill (instructor_skill_id,skill,instructor_id)
VALUES
  (71,'Xylophone',71),
  (72,'bass',72),
  (73,'horn',73),
  (74,'Cello',74),
  (75,'guitar',75),
  (76,'Harp',76),
  (77,'Oboe',77),
  (78,'Guitar',78),
  (79,'Cello',79),
  (80,'bass',80);
INSERT INTO instructor_skill (instructor_skill_id,skill,instructor_id)
VALUES
  (81,'set',81),
  (82,'Djembe',82),
  (83,'French',83),
  (84,'Drum',84),
  (85,'French',85),
  (86,'Violin',86),
  (87,'bass',87),
  (88,'Accordion',88),
  (89,'Trumpet',89),
  (90,'Saxophone',90);
INSERT INTO instructor_skill (instructor_skill_id,skill,instructor_id)
VALUES
  (91,'French',91),
  (92,'Xylophone',92),
  (93,'Clarinet',93),
  (94,'Oboe',94),
  (95,'Harp',95),
  (96,'Bagpipes',96),
  (97,'Piano',97),
  (98,'Violin',98),
  (99,'Ukulele',99),
  (100,'Accordion',100);
INSERT INTO inventory (inventory_id,instrument_type,model,brand,monthly_price,number_of_instrument)
VALUES
  (1,10,'Bongo','Casio','$37.70',14),
  (2,17,'Violin','Focal','$78.70',19),
  (3,17,'Vibraphone','Reed','$84.01',17),
  (4,7,'Saxophone','Warwick','$51.21',14),
  (5,3,'Violin','Baldwin','$68.73',12),
  (6,16,'Organ','Fodera','$92.99',11),
  (7,6,'Synthesizer','Ibanez','$91.27',9),
  (8,9,'Guitar','Yamaha','$21.11',5),
  (9,13,'Cello','Warwick','$96.50',12),
  (10,11,'Clarinet','&','$42.94',11);
INSERT INTO inventory (inventory_id,instrument_type,model,brand,monthly_price,number_of_instrument)
VALUES
  (11,8,'Drum','Ernie','$60.43',14),
  (12,7,'Drum','Moog','$19.09',19),
  (13,10,'Hang','Moog','$84.85',14),
  (14,2,'Piano','Korg','$3.40',12),
  (15,10,'Guitar','Tama','$11.63',15),
  (16,6,'Accordion','Gretsch','$68.17',16),
  (17,13,'Guitar','Sabian','$85.19',17),
  (18,7,'Vibraphone','Marshall','$75.80',9),
  (19,4,'Viola','Yamaha','$94.56',19),
  (20,5,'Tuba','Drums','$21.24',10);
INSERT INTO renting_system (rent_id,renting_date,student_id)
VALUES
  (1,'Sep 9, 2023',177),
  (2,'May 2, 2023',142),
  (3,'Apr 15, 2023',9),
  (4,'Jul 25, 2023',58),
  (5,'Mar 23, 2023',281),
  (6,'Oct 5, 2023',278),
  (7,'Oct 24, 2023',376),
  (8,'Mar 30, 2023',81),
  (9,'Sep 23, 2023',356),
  (10,'Mar 17, 2023',26);
INSERT INTO renting_system (rent_id,renting_date,student_id)
VALUES
  (11,'Jul 20, 2023',333),
  (12,'Jul 1, 2023',150),
  (13,'May 2, 2023',211),
  (14,'Oct 17, 2023',338),
  (15,'Jan 15, 2023',196),
  (16,'Nov 20, 2022',128),
  (17,'Jul 8, 2023',128),
  (18,'Sep 24, 2023',204),
  (19,'Sep 1, 2023',361),
  (20,'Jan 14, 2023',326);
INSERT INTO renting_system (rent_id,renting_date,student_id)
VALUES
  (21,'Jan 29, 2023',399),
  (22,'Feb 5, 2023',40),
  (23,'Apr 25, 2023',99),
  (24,'May 13, 2023',129),
  (25,'Mar 16, 2023',336),
  (26,'Dec 25, 2022',75),
  (27,'Jul 15, 2023',135),
  (28,'Apr 23, 2023',29),
  (29,'Sep 8, 2023',106),
  (30,'Oct 31, 2023',242);
INSERT INTO renting_system (rent_id,renting_date,student_id)
VALUES
  (31,'Sep 6, 2023',248),
  (32,'Mar 26, 2023',275),
  (33,'Jul 18, 2023',197),
  (34,'Jan 28, 2023',59),
  (35,'May 2, 2023',345),
  (36,'Jan 10, 2023',166),
  (37,'Aug 9, 2023',391),
  (38,'May 24, 2023',190),
  (39,'Nov 11, 2023',182),
  (40,'Mar 31, 2023',218);
INSERT INTO renting_system (rent_id,renting_date,student_id)
VALUES
  (41,'Dec 19, 2022',135),
  (42,'Apr 10, 2023',129),
  (43,'May 11, 2023',188),
  (44,'Nov 30, 2022',165),
  (45,'Sep 11, 2023',155),
  (46,'Jun 10, 2023',32),
  (47,'Aug 22, 2023',203),
  (48,'May 8, 2023',223),
  (49,'Aug 9, 2023',397),
  (50,'Sep 20, 2023',311);
INSERT INTO instrument (instrument_id,rent_id,inventory_id)
VALUES
  (1,11,15),
  (2,31,4),
  (3,21,15),
  (4,45,3),
  (5,29,15),
  (6,40,20),
  (7,9,16),
  (8,27,3),
  (9,14,17),
  (10,44,2);
INSERT INTO instrument (instrument_id,rent_id,inventory_id)
VALUES
  (11,37,7),
  (12,40,13),
  (13,2,16),
  (14,6,19),
  (15,16,13),
  (16,8,9),
  (17,42,10),
  (18,49,1),
  (19,14,10),
  (20,30,7);
INSERT INTO student_skill (student_skill_id,skill,student_id)
VALUES
  (1,'Violin',208),
  (2,'Oboe',283),
  (3,'Saxophone',252),
  (4,'Electric',243),
  (5,'Flute',22),
  (6,'Trombone',154),
  (7,'Banjo',345),
  (8,'Drum',132),
  (9,'Oboe',127),
  (10,'set',6);
INSERT INTO student_skill (student_skill_id,skill,student_id)
VALUES
  (11,'Djembe',275),
  (12,'Trombone',341),
  (13,'Piano',250),
  (14,'Saxophone',266),
  (15,'Drum',45),
  (16,'Guitar',57),
  (17,'Saxophone',207),
  (18,'Djembe',295),
  (19,'Accordion',242),
  (20,'Clarinet',241);
INSERT INTO student_skill (student_skill_id,skill,student_id)
VALUES
  (21,'Trombone',71),
  (22,'Accordion',337),
  (23,'Cello',88),
  (24,'Harp',104),
  (25,'Electric',364),
  (26,'Flute',379),
  (27,'Drum',366),
  (28,'Cello',393),
  (29,'Accordion',394),
  (30,'Accordion',290);
INSERT INTO student_skill (student_skill_id,skill,student_id)
VALUES
  (31,'Electric',26),
  (32,'Oboe',339),
  (33,'Djembe',238),
  (34,'Drum',362),
  (35,'Harp',220),
  (36,'Harp',288),
  (37,'Saxophone',3),
  (38,'bass',125),
  (39,'Cello',400),
  (40,'Flute',62);
INSERT INTO student_skill (student_skill_id,skill,student_id)
VALUES
  (41,'Oboe',2),
  (42,'Bagpipes',317),
  (43,'Accordion',187),
  (44,'Harp',301),
  (45,'Electric',103),
  (46,'Flute',91),
  (47,'bass',324),
  (48,'bass',322),
  (49,'Djembe',256),
  (50,'horn',315);
INSERT INTO student_skill (student_skill_id,skill,student_id)
VALUES
  (51,'Djembe',100),
  (52,'Flute',212),
  (53,'Accordion',93),
  (54,'Saxophone',376),
  (55,'Xylophone',5),
  (56,'Trombone',70),
  (57,'Violin',171),
  (58,'Flute',180),
  (59,'Cello',234),
  (60,'Clarinet',48);
INSERT INTO student_skill (student_skill_id,skill,student_id)
VALUES
  (61,'Clarinet',154),
  (62,'Ukulele',379),
  (63,'guitar',142),
  (64,'Clarinet',106),
  (65,'Drum',142),
  (66,'Flute',23),
  (67,'Drum',255),
  (68,'bass',148),
  (69,'Trumpet',203),
  (70,'Flute',22);
INSERT INTO student_skill (student_skill_id,skill,student_id)
VALUES
  (71,'Ukulele',298),
  (72,'Saxophone',62),
  (73,'bass',365),
  (74,'Trumpet',338),
  (75,'Ukulele',188),
  (76,'Saxophone',356),
  (77,'Piano',302),
  (78,'Guitar',238),
  (79,'Ukulele',269),
  (80,'Ukulele',392);
INSERT INTO student_skill (student_skill_id,skill,student_id)
VALUES
  (81,'Xylophone',220),
  (82,'Xylophone',189),
  (83,'French',74),
  (84,'Flute',29),
  (85,'Djembe',138),
  (86,'Flute',249),
  (87,'Saxophone',332),
  (88,'Clarinet',47),
  (89,'Cello',378),
  (90,'Xylophone',380);
INSERT INTO student_skill (student_skill_id,skill,student_id)
VALUES
  (91,'Trumpet',277),
  (92,'Electric',274),
  (93,'guitar',145),
  (94,'Saxophone',191),
  (95,'Accordion',243),
  (96,'Bagpipes',198),
  (97,'Drum',159),
  (98,'Electric',319),
  (99,'Drum',13),
  (100,'Harp',389);
INSERT INTO student_skill (student_skill_id,skill,student_id)
VALUES
  (101,'Saxophone',285),
  (102,'set',372),
  (103,'Clarinet',38),
  (104,'horn',283),
  (105,'Flute',257),
  (106,'Saxophone',111),
  (107,'Bagpipes',396),
  (108,'Drum',253),
  (109,'bass',180),
  (110,'Guitar',283);
INSERT INTO student_skill (student_skill_id,skill,student_id)
VALUES
  (111,'Electric',184),
  (112,'Harp',184),
  (113,'Clarinet',296),
  (114,'Accordion',168),
  (115,'Clarinet',329),
  (116,'set',111),
  (117,'Djembe',370),
  (118,'Saxophone',104),
  (119,'Xylophone',82),
  (120,'Violin',344);
INSERT INTO student_skill (student_skill_id,skill,student_id)
VALUES
  (121,'Oboe',67),
  (122,'Trombone',32),
  (123,'Banjo',37),
  (124,'Drum',183),
  (125,'Drum',87),
  (126,'Djembe',109),
  (127,'Accordion',158),
  (128,'set',250),
  (129,'set',71),
  (130,'horn',165);
INSERT INTO student_skill (student_skill_id,skill,student_id)
VALUES
  (131,'Clarinet',111),
  (132,'bass',152),
  (133,'Violin',27),
  (134,'Saxophone',40),
  (135,'Harp',104),
  (136,'Guitar',73),
  (137,'bass',288),
  (138,'Clarinet',306),
  (139,'horn',262),
  (140,'Flute',205);
INSERT INTO student_skill (student_skill_id,skill,student_id)
VALUES
  (141,'guitar',140),
  (142,'Guitar',269),
  (143,'Trombone',256),
  (144,'Bagpipes',194),
  (145,'Drum',277),
  (146,'Violin',117),
  (147,'Oboe',102),
  (148,'French',310),
  (149,'guitar',166),
  (150,'horn',152);
INSERT INTO student_skill (student_skill_id,skill,student_id)
VALUES
  (151,'Flute',349),
  (152,'Djembe',347),
  (153,'Drum',345),
  (154,'Bagpipes',333),
  (155,'bass',271),
  (156,'Ukulele',340),
  (157,'Trombone',228),
  (158,'Violin',218),
  (159,'Guitar',193),
  (160,'Djembe',76);
INSERT INTO student_skill (student_skill_id,skill,student_id)
VALUES
  (161,'Trombone',48),
  (162,'Guitar',300),
  (163,'Xylophone',82),
  (164,'Accordion',29),
  (165,'Oboe',152),
  (166,'Banjo',191),
  (167,'Clarinet',13),
  (168,'Trombone',238),
  (169,'French',102),
  (170,'bass',52);
INSERT INTO student_skill (student_skill_id,skill,student_id)
VALUES
  (171,'Banjo',27),
  (172,'Ukulele',125),
  (173,'Banjo',202),
  (174,'Saxophone',200),
  (175,'Drum',71),
  (176,'Xylophone',252),
  (177,'Ukulele',39),
  (178,'Cello',321),
  (179,'Violin',382),
  (180,'Violin',5);
INSERT INTO student_skill (student_skill_id,skill,student_id)
VALUES
  (181,'Saxophone',332),
  (182,'Violin',361),
  (183,'Ukulele',228),
  (184,'guitar',346),
  (185,'Accordion',139),
  (186,'horn',390),
  (187,'Trombone',360),
  (188,'Ukulele',376),
  (189,'Accordion',129),
  (190,'bass',377);
INSERT INTO student_skill (student_skill_id,skill,student_id)
VALUES
  (191,'Ukulele',259),
  (192,'Clarinet',71),
  (193,'Oboe',257),
  (194,'Trumpet',119),
  (195,'Saxophone',213),
  (196,'horn',244),
  (197,'Djembe',379),
  (198,'Bagpipes',257),
  (199,'Clarinet',84),
  (200,'Accordion',74);
INSERT INTO student_skill (student_skill_id,skill,student_id)
VALUES
  (201,'Guitar',267),
  (202,'Banjo',40),
  (203,'Drum',159),
  (204,'Trumpet',362),
  (205,'Bagpipes',93),
  (206,'Drum',20),
  (207,'bass',368),
  (208,'guitar',322),
  (209,'Harp',400),
  (210,'Xylophone',397);
INSERT INTO student_skill (student_skill_id,skill,student_id)
VALUES
  (211,'Cello',201),
  (212,'Trombone',347),
  (213,'set',281),
  (214,'Clarinet',290),
  (215,'Drum',177),
  (216,'Cello',370),
  (217,'Trombone',324),
  (218,'Djembe',100),
  (219,'guitar',206),
  (220,'Ukulele',28);
INSERT INTO student_skill (student_skill_id,skill,student_id)
VALUES
  (221,'Trombone',323),
  (222,'Piano',55),
  (223,'set',62),
  (224,'Electric',172),
  (225,'Banjo',311),
  (226,'Accordion',193),
  (227,'Xylophone',154),
  (228,'Piano',221),
  (229,'Drum',36),
  (230,'Bagpipes',251);
INSERT INTO student_skill (student_skill_id,skill,student_id)
VALUES
  (231,'Flute',246),
  (232,'Cello',328),
  (233,'Violin',128),
  (234,'Oboe',284),
  (235,'Xylophone',272),
  (236,'Saxophone',306),
  (237,'Violin',93),
  (238,'Clarinet',99),
  (239,'Guitar',80),
  (240,'Clarinet',24);
INSERT INTO student_skill (student_skill_id,skill,student_id)
VALUES
  (241,'Harp',371),
  (242,'Trombone',12),
  (243,'Banjo',57),
  (244,'Piano',230),
  (245,'Trombone',198),
  (246,'Electric',364),
  (247,'Ukulele',56),
  (248,'set',344),
  (249,'Trombone',318),
  (250,'bass',192);
INSERT INTO student_skill (student_skill_id,skill,student_id)
VALUES
  (251,'Trumpet',307),
  (252,'Trumpet',7),
  (253,'Violin',127),
  (254,'guitar',282),
  (255,'Banjo',106),
  (256,'Trumpet',170),
  (257,'Clarinet',90),
  (258,'Drum',169),
  (259,'Piano',7),
  (260,'Xylophone',118);
INSERT INTO student_skill (student_skill_id,skill,student_id)
VALUES
  (261,'set',334),
  (262,'Cello',122),
  (263,'guitar',310),
  (264,'Accordion',193),
  (265,'Trumpet',10),
  (266,'Ukulele',18),
  (267,'Cello',375),
  (268,'Harp',239),
  (269,'Guitar',242),
  (270,'Guitar',18);
INSERT INTO student_skill (student_skill_id,skill,student_id)
VALUES
  (271,'Trumpet',384),
  (272,'Trumpet',135),
  (273,'Trombone',7),
  (274,'set',62),
  (275,'Clarinet',220),
  (276,'Harp',225),
  (277,'Accordion',279),
  (278,'guitar',285),
  (279,'Djembe',71),
  (280,'Violin',43);
INSERT INTO student_skill (student_skill_id,skill,student_id)
VALUES
  (281,'Xylophone',49),
  (282,'Drum',120),
  (283,'Oboe',188),
  (284,'bass',163),
  (285,'Trombone',59),
  (286,'Electric',399),
  (287,'Djembe',346),
  (288,'Violin',315),
  (289,'horn',384),
  (290,'Harp',175);
INSERT INTO student_skill (student_skill_id,skill,student_id)
VALUES
  (291,'French',161),
  (292,'Trumpet',143),
  (293,'Violin',126),
  (294,'set',31),
  (295,'Guitar',118),
  (296,'Oboe',155),
  (297,'Bagpipes',48),
  (298,'Oboe',1),
  (299,'guitar',61),
  (300,'Harp',384);
INSERT INTO student_skill (student_skill_id,skill,student_id)
VALUES
  (301,'set',365),
  (302,'guitar',229),
  (303,'guitar',146),
  (304,'guitar',65),
  (305,'Xylophone',222),
  (306,'Oboe',53),
  (307,'Djembe',354),
  (308,'Trombone',250),
  (309,'Trumpet',160),
  (310,'Cello',313);
INSERT INTO student_skill (student_skill_id,skill,student_id)
VALUES
  (311,'Djembe',186),
  (312,'Drum',218),
  (313,'Trumpet',120),
  (314,'Accordion',396),
  (315,'Cello',339),
  (316,'set',65),
  (317,'Xylophone',80),
  (318,'Oboe',90),
  (319,'French',6),
  (320,'Saxophone',112);
INSERT INTO student_skill (student_skill_id,skill,student_id)
VALUES
  (321,'Accordion',260),
  (322,'Ukulele',270),
  (323,'Xylophone',157),
  (324,'Trumpet',203),
  (325,'French',371),
  (326,'Violin',363),
  (327,'Clarinet',224),
  (328,'Drum',189),
  (329,'horn',147),
  (330,'Accordion',7);
INSERT INTO student_skill (student_skill_id,skill,student_id)
VALUES
  (331,'Violin',102),
  (332,'Flute',4),
  (333,'Harp',148),
  (334,'Oboe',8),
  (335,'Accordion',42),
  (336,'Cello',169),
  (337,'Trumpet',130),
  (338,'Bagpipes',53),
  (339,'guitar',99),
  (340,'bass',324);
INSERT INTO student_skill (student_skill_id,skill,student_id)
VALUES
  (341,'French',387),
  (342,'Guitar',204),
  (343,'bass',126),
  (344,'Clarinet',196),
  (345,'Flute',226),
  (346,'Ukulele',7),
  (347,'Trombone',37),
  (348,'Violin',277),
  (349,'French',129),
  (350,'Trumpet',295);
INSERT INTO student_skill (student_skill_id,skill,student_id)
VALUES
  (351,'Oboe',391),
  (352,'Guitar',70),
  (353,'Drum',23),
  (354,'French',280),
  (355,'Accordion',305),
  (356,'Accordion',187),
  (357,'Trombone',30),
  (358,'Trumpet',182),
  (359,'Electric',250),
  (360,'Drum',227);
INSERT INTO student_skill (student_skill_id,skill,student_id)
VALUES
  (361,'Clarinet',389),
  (362,'Guitar',43),
  (363,'Harp',182),
  (364,'Oboe',381),
  (365,'Trombone',2),
  (366,'Trombone',330),
  (367,'Guitar',146),
  (368,'set',114),
  (369,'Djembe',148),
  (370,'Accordion',314);
INSERT INTO student_skill (student_skill_id,skill,student_id)
VALUES
  (371,'Electric',342),
  (372,'Bagpipes',199),
  (373,'Guitar',19),
  (374,'Saxophone',53),
  (375,'Oboe',146),
  (376,'Trumpet',104),
  (377,'Banjo',128),
  (378,'Ukulele',76),
  (379,'set',23),
  (380,'set',398);
INSERT INTO student_skill (student_skill_id,skill,student_id)
VALUES
  (381,'Violin',40),
  (382,'French',15),
  (383,'Harp',189),
  (384,'Banjo',140),
  (385,'Drum',206),
  (386,'Trumpet',94),
  (387,'Djembe',19),
  (388,'Guitar',219),
  (389,'Flute',161),
  (390,'Saxophone',141);
INSERT INTO student_skill (student_skill_id,skill,student_id)
VALUES
  (391,'Djembe',8),
  (392,'horn',369),
  (393,'Banjo',373),
  (394,'Trumpet',251),
  (395,'French',195),
  (396,'Banjo',197),
  (397,'bass',148),
  (398,'Electric',191),
  (399,'Violin',342),
  (400,'Saxophone',75);
INSERT INTO student_skill (student_skill_id,skill,student_id)
VALUES
  (401,'bass',297),
  (402,'French',94),
  (403,'Saxophone',95),
  (404,'Trumpet',360),
  (405,'Flute',138),
  (406,'Ukulele',86),
  (407,'Trumpet',69),
  (408,'Ukulele',161),
  (409,'Drum',330),
  (410,'guitar',217);
INSERT INTO student_skill (student_skill_id,skill,student_id)
VALUES
  (411,'Drum',387),
  (412,'horn',365),
  (413,'Cello',270),
  (414,'Trumpet',46),
  (415,'set',144),
  (416,'Xylophone',280),
  (417,'Xylophone',140),
  (418,'Ukulele',386),
  (419,'Violin',194),
  (420,'Drum',31);
INSERT INTO student_skill (student_skill_id,skill,student_id)
VALUES
  (421,'Harp',9),
  (422,'Banjo',104),
  (423,'Xylophone',191),
  (424,'Xylophone',218),
  (425,'Oboe',265),
  (426,'French',332),
  (427,'Oboe',133),
  (428,'Electric',154),
  (429,'Oboe',154),
  (430,'Drum',10);
INSERT INTO student_skill (student_skill_id,skill,student_id)
VALUES
  (431,'Flute',322),
  (432,'guitar',51),
  (433,'Violin',125),
  (434,'French',349),
  (435,'Accordion',206),
  (436,'Saxophone',301),
  (437,'Electric',142),
  (438,'Drum',6),
  (439,'Piano',161),
  (440,'Guitar',390);
INSERT INTO student_skill (student_skill_id,skill,student_id)
VALUES
  (441,'Electric',128),
  (442,'Electric',62),
  (443,'guitar',228),
  (444,'Flute',75),
  (445,'Xylophone',258),
  (446,'Cello',143),
  (447,'horn',198),
  (448,'set',64),
  (449,'horn',307),
  (450,'Harp',321);
INSERT INTO student_skill (student_skill_id,skill,student_id)
VALUES
  (451,'Ukulele',357),
  (452,'Clarinet',345),
  (453,'Trombone',204),
  (454,'horn',256),
  (455,'Xylophone',295),
  (456,'Trumpet',313),
  (457,'Guitar',86),
  (458,'Flute',141),
  (459,'Clarinet',352),
  (460,'Harp',141);
INSERT INTO student_skill (student_skill_id,skill,student_id)
VALUES
  (461,'Saxophone',243),
  (462,'Saxophone',207),
  (463,'Oboe',267),
  (464,'French',112),
  (465,'Oboe',380),
  (466,'French',276),
  (467,'Flute',218),
  (468,'French',266),
  (469,'Bagpipes',156),
  (470,'Oboe',338);
INSERT INTO student_skill (student_skill_id,skill,student_id)
VALUES
  (471,'Xylophone',69),
  (472,'Flute',151),
  (473,'Djembe',380),
  (474,'Trombone',240),
  (475,'Harp',376),
  (476,'Trumpet',311),
  (477,'Trombone',294),
  (478,'Cello',297),
  (479,'Saxophone',33),
  (480,'set',177);
INSERT INTO student_skill (student_skill_id,skill,student_id)
VALUES
  (481,'Saxophone',246),
  (482,'Harp',313),
  (483,'Djembe',300),
  (484,'bass',279),
  (485,'set',338),
  (486,'Cello',284),
  (487,'Banjo',313),
  (488,'Oboe',333),
  (489,'Violin',65),
  (490,'French',316);
INSERT INTO student_skill (student_skill_id,skill,student_id)
VALUES
  (491,'Guitar',322),
  (492,'Trumpet',335),
  (493,'Oboe',100),
  (494,'guitar',148),
  (495,'Oboe',168),
  (496,'Ukulele',258),
  (497,'Saxophone',103),
  (498,'Xylophone',225),
  (499,'horn',356),
  (500,'Cello',256);
INSERT INTO skill_level_ENUM (skill_level_id, skill_level)
VALUES  
  (1, 'Beginner'),
  (2, 'Intermediate'),
  (3, 'Advanced');

  INSERT INTO policy_description_ENUM (description_id, description_text)
VALUES  
  (1, 'Each student may borrow 
    a maximum of [X] instruments within 12 months 
    to ensure fair access and responsible resource use. 
    Violations may result in restrictions. Exceptions require approval.'),
  (2, 'Students are restricted to a maximum instrument 
    rental period of [X] months to manage resources efficiently.
     Any extensions require approval and must align with school 
     policies. Non-compliance may result in borrowing privileges 
     being revoked.'),
  (3, 'Students with siblings enrolled receive a specified 
    discount [X] amount on monthly fee. This aims to
     support families and foster a sense of community. Discounts
      are applicable upon verification of sibling enrollment.');
      INSERT INTO lesson_type_ENUM (lesson_type_id,lesson_type)
VALUES  
  (1, 'Individual'),
  (2, 'Ensemble'),
  (3, 'Group');
INSERT INTO price_management (price_id,price,start_valid_date, end_valid_date, skill_level_id, lesson_type_id)
VALUES
  (1,'1000.00','Apr 8, 2023','Jan 2, 2024',1,2),
  (2,'400.00','Jun 11, 2023','Apr 21, 2024',2,3),
  (3,'1000.00','Apr 12, 2023','Aug 5, 2024',3,1),
  (4,'1000.00','Jan 2, 2023','Jan 2, 2024',2,2),
  (5,'400.00','Jan 2, 2023','Dec 15, 2024',1,3),
  (6,'600.00','Nov 19, 2023','Jan 2, 2024',3,3),
  (7,'500.00','Jan 2, 2023','Jan 2, 2024',1,1),
  (8,'500.00','Nov 24, 2022','Feb 18, 2024',2,1),
  (9,'2000.00','Aug 6, 2023','Jan 2, 2024',3,2);


INSERT INTO lesson (lesson_id,instructor_id,price_id)
VALUES
  (1,73,6),
  (2,34,8),
  (3,39,6),
  (4,99,2),
  (5,3,3),
  (6,28,3),
  (7,43,3),
  (8,53,7),
  (9,78,2),
  (10,100,3);
INSERT INTO lesson (lesson_id,instructor_id,price_id)
VALUES
  (11,71,3),
  (12,75,8),
  (13,88,5),
  (14,2,3),
  (15,15,2),
  (16,45,5),
  (17,31,8),
  (18,92,6),
  (19,63,5),
  (20,43,7);
INSERT INTO lesson (lesson_id,instructor_id,price_id)
VALUES
  (21,22,6),
  (22,3,2),
  (23,82,7),
  (24,38,2),
  (25,98,5),
  (26,16,5),
  (27,53,2),
  (28,69,2),
  (29,42,3),
  (30,36,8);
INSERT INTO lesson (lesson_id,instructor_id,price_id)
VALUES
  (31,90,7),
  (32,98,6),
  (33,45,8),
  (34,56,3),
  (35,73,7),
  (36,51,3),
  (37,36,5),
  (38,24,7),
  (39,98,6),
  (40,11,1);
INSERT INTO lesson (lesson_id,instructor_id,price_id)
VALUES
  (41,61,1),
  (42,21,4),
  (43,24,4),
  (44,17,1),
  (45,83,9),
  (46,33,4),
  (47,35,1),
  (48,80,9),
  (49,88,1),
  (50,13,9);
INSERT INTO registration (registration_id,registration_date,registration_time,student_id,lesson_id)
VALUES
  (1,'Sep 18, 2020','5:17 PM',123,9),
  (2,'May 17, 2020','7:09 PM',82,43),
  (3,'Mar 16, 2022','3:57 PM',47,49),
  (4,'Nov 15, 2021','2:54 PM',224,49),
  (5,'May 22, 2022','3:57 PM',305,49),
  (6,'Jul 30, 2023','2:01 PM',181,48),
  (7,'Sep 27, 2021','3:18 PM',374,42),
  (8,'Dec 8, 2021','6:48 PM',275,5),
  (9,'Apr 9, 2020','2:40 PM',91,28),
  (10,'Jul 16, 2020','4:46 PM',268,47);
INSERT INTO registration (registration_id,registration_date,registration_time,student_id,lesson_id)
VALUES
  (11,'Apr 16, 2020','6:38 PM',21,37),
  (12,'Apr 22, 2021','7:20 PM',336,17),
  (13,'Jul 15, 2020','5:17 PM',184,18),
  (14,'Apr 20, 2020','3:57 PM',228,29),
  (15,'Aug 28, 2023','7:26 PM',198,25),
  (16,'Oct 17, 2022','4:59 PM',115,8),
  (17,'Dec 31, 2019','4:48 PM',10,6),
  (18,'May 21, 2023','5:54 PM',199,26),
  (19,'Jul 12, 2023','2:47 PM',397,26),
  (20,'Jan 21, 2023','6:24 PM',68,14);
INSERT INTO registration (registration_id,registration_date,registration_time,student_id,lesson_id)
VALUES
  (21,'Sep 12, 2023','2:24 PM',17,9),
  (22,'Aug 6, 2020','6:38 PM',331,27),
  (23,'Sep 4, 2021','4:51 PM',130,30),
  (24,'Aug 25, 2020','6:43 PM',184,16),
  (25,'Feb 8, 2023','5:50 PM',24,5),
  (26,'May 23, 2023','2:51 PM',67,7),
  (27,'Jan 28, 2023','5:10 PM',238,3),
  (28,'Aug 3, 2023','3:12 PM',386,16),
  (29,'Aug 27, 2021','3:26 PM',295,23),
  (30,'Mar 14, 2020','6:26 PM',153,10);
INSERT INTO registration (registration_id,registration_date,registration_time,student_id,lesson_id)
VALUES
  (31,'Nov 17, 2023','4:56 PM',100,26),
  (32,'Jul 4, 2023','5:37 PM',266,35),
  (33,'Aug 11, 2023','2:02 PM',68,21),
  (34,'Feb 12, 2021','2:09 PM',277,31),
  (35,'Jan 26, 2022','6:48 PM',131,49),
  (36,'Nov 1, 2022','4:32 PM',126,23),
  (37,'Nov 18, 2021','2:59 PM',100,46),
  (38,'Jun 19, 2022','3:25 PM',209,35),
  (39,'Feb 27, 2023','4:35 PM',30,17),
  (40,'Feb 12, 2022','5:13 PM',267,32);
INSERT INTO registration (registration_id,registration_date,registration_time,student_id,lesson_id)
VALUES
  (41,'May 4, 2023','5:11 PM',98,38),
  (42,'Sep 1, 2021','5:16 PM',218,43),
  (43,'Jun 17, 2020','7:13 PM',174,9),
  (44,'Sep 6, 2021','3:52 PM',194,14),
  (45,'Aug 30, 2020','3:53 PM',205,22),
  (46,'May 31, 2021','3:20 PM',244,6),
  (47,'Oct 6, 2022','3:20 PM',76,2),
  (48,'May 8, 2022','3:09 PM',55,44),
  (49,'Jun 7, 2020','2:43 PM',358,19),
  (50,'Jan 20, 2023','2:14 PM',113,28);
INSERT INTO registration (registration_id,registration_date,registration_time,student_id,lesson_id)
VALUES
  (51,'Nov 8, 2023','7:57 PM',256,10),
  (52,'Oct 28, 2023','7:01 PM',94,14),
  (53,'Nov 8, 2023','6:00 PM',75,4),
  (54,'Apr 8, 2020','7:49 PM',334,2),
  (55,'Nov 4, 2020','6:09 PM',33,15),
  (56,'Nov 26, 2019','7:41 PM',113,47),
  (57,'Jul 28, 2022','4:07 PM',335,36),
  (58,'Oct 29, 2021','6:45 PM',60,25),
  (59,'Jan 27, 2022','6:21 PM',196,5),
  (60,'May 23, 2020','6:59 PM',61,42);
INSERT INTO registration (registration_id,registration_date,registration_time,student_id,lesson_id)
VALUES
  (61,'Apr 18, 2023','7:23 PM',38,1),
  (62,'Dec 21, 2020','6:40 PM',72,36),
  (63,'Nov 17, 2020','2:38 PM',9,11),
  (64,'Oct 15, 2020','6:09 PM',364,21),
  (65,'Nov 29, 2019','5:01 PM',99,13),
  (66,'Jan 2, 2022','7:19 PM',173,28),
  (67,'Nov 11, 2020','7:35 PM',386,31),
  (68,'Apr 11, 2020','2:03 PM',81,42),
  (69,'Dec 7, 2019','5:18 PM',74,26),
  (70,'Dec 2, 2020','4:55 PM',102,3);
INSERT INTO registration (registration_id,registration_date,registration_time,student_id,lesson_id)
VALUES
  (71,'Feb 8, 2022','2:36 PM',172,14),
  (72,'Dec 19, 2019','2:02 PM',91,8),
  (73,'Jun 30, 2021','3:49 PM',392,33),
  (74,'Jan 16, 2021','5:37 PM',131,25),
  (75,'Oct 27, 2022','4:45 PM',270,34),
  (76,'Oct 2, 2022','5:39 PM',142,23),
  (77,'Feb 23, 2023','6:57 PM',77,14),
  (78,'Feb 14, 2021','6:05 PM',273,39),
  (79,'Nov 30, 2021','2:38 PM',20,12),
  (80,'Jun 1, 2021','7:10 PM',333,22);
INSERT INTO registration (registration_id,registration_date,registration_time,student_id,lesson_id)
VALUES
  (81,'Nov 27, 2020','2:06 PM',41,2),
  (82,'Jun 2, 2020','2:31 PM',400,16),
  (83,'Apr 22, 2020','5:19 PM',192,40),
  (84,'Jan 26, 2023','7:33 PM',344,26),
  (85,'Oct 13, 2022','6:02 PM',54,14),
  (86,'Jun 28, 2023','6:55 PM',292,25),
  (87,'Sep 7, 2022','7:34 PM',306,11),
  (88,'Dec 26, 2021','2:19 PM',201,24),
  (89,'Jun 14, 2023','3:01 PM',368,38),
  (90,'May 13, 2022','6:12 PM',392,10);
INSERT INTO registration (registration_id,registration_date,registration_time,student_id,lesson_id)
VALUES
  (91,'Jul 1, 2023','2:24 PM',267,3),
  (92,'Nov 25, 2019','6:56 PM',75,48),
  (93,'Nov 4, 2021','5:54 PM',216,5),
  (94,'Jun 17, 2023','7:57 PM',271,28),
  (95,'Mar 23, 2021','4:59 PM',4,38),
  (96,'Nov 25, 2020','6:37 PM',4,15),
  (97,'Jul 16, 2021','2:25 PM',158,42),
  (98,'May 11, 2021','5:02 PM',308,40),
  (99,'May 4, 2021','5:36 PM',45,26),
  (100,'Jun 15, 2023','2:22 PM',53,9);
INSERT INTO registration (registration_id,registration_date,registration_time,student_id,lesson_id)
VALUES
  (101,'Dec 1, 2020','5:45 PM',10,24),
  (102,'Jul 19, 2023','4:19 PM',361,32),
  (103,'Jan 16, 2022','6:52 PM',262,41),
  (104,'Jul 9, 2022','3:49 PM',6,39),
  (105,'May 10, 2022','6:03 PM',363,2),
  (106,'Aug 19, 2020','2:30 PM',347,9),
  (107,'May 1, 2020','6:18 PM',360,32),
  (108,'Feb 4, 2021','3:16 PM',102,7),
  (109,'Feb 18, 2021','6:35 PM',187,38),
  (110,'Feb 19, 2020','3:13 PM',268,37);
INSERT INTO registration (registration_id,registration_date,registration_time,student_id,lesson_id)
VALUES
  (111,'Apr 29, 2020','5:48 PM',255,26),
  (112,'Dec 24, 2021','3:50 PM',285,36),
  (113,'May 14, 2021','2:14 PM',16,38),
  (114,'Nov 13, 2023','7:33 PM',175,20),
  (115,'Dec 25, 2019','5:59 PM',78,41),
  (116,'Jun 27, 2020','4:05 PM',227,22),
  (117,'Aug 7, 2022','2:23 PM',309,25),
  (118,'Jun 24, 2022','5:00 PM',285,17),
  (119,'May 21, 2021','7:50 PM',170,19),
  (120,'Apr 15, 2021','6:52 PM',13,24);
INSERT INTO registration (registration_id,registration_date,registration_time,student_id,lesson_id)
VALUES
  (121,'Apr 18, 2021','2:38 PM',144,42),
  (122,'Sep 14, 2023','6:39 PM',380,6),
  (123,'Dec 17, 2022','7:48 PM',370,17),
  (124,'Dec 3, 2022','7:42 PM',224,10),
  (125,'Apr 10, 2023','7:36 PM',179,50),
  (126,'Nov 7, 2023','3:52 PM',261,21),
  (127,'Jun 13, 2022','6:40 PM',398,46),
  (128,'Jun 20, 2023','7:31 PM',49,25),
  (129,'Aug 8, 2022','6:59 PM',273,13),
  (130,'Aug 14, 2022','2:14 PM',372,3);
INSERT INTO registration (registration_id,registration_date,registration_time,student_id,lesson_id)
VALUES
  (131,'Jul 21, 2021','3:41 PM',53,17),
  (132,'Jun 30, 2020','4:39 PM',322,8),
  (133,'Nov 7, 2020','7:58 PM',32,13),
  (134,'May 30, 2020','3:51 PM',269,12),
  (135,'Nov 21, 2019','4:57 PM',204,33),
  (136,'Feb 3, 2022','4:32 PM',244,25),
  (137,'Apr 17, 2021','6:15 PM',332,15),
  (138,'Jun 24, 2021','2:12 PM',217,27),
  (139,'Apr 9, 2020','3:06 PM',363,19),
  (140,'Jul 12, 2022','2:14 PM',228,36);
INSERT INTO registration (registration_id,registration_date,registration_time,student_id,lesson_id)
VALUES
  (141,'Oct 2, 2021','3:36 PM',212,47),
  (142,'Mar 26, 2020','3:07 PM',156,6),
  (143,'Jun 8, 2020','4:19 PM',172,47),
  (144,'Mar 6, 2023','4:26 PM',367,17),
  (145,'Mar 4, 2021','4:10 PM',136,38),
  (146,'May 2, 2021','5:52 PM',169,16),
  (147,'Nov 18, 2023','3:58 PM',386,35),
  (148,'Jun 23, 2022','6:05 PM',360,32),
  (149,'Jun 23, 2023','3:26 PM',301,48),
  (150,'Oct 11, 2020','2:27 PM',83,21);
INSERT INTO registration (registration_id,registration_date,registration_time,student_id,lesson_id)
VALUES
  (151,'Apr 14, 2023','6:16 PM',123,10),
  (152,'Nov 14, 2023','3:53 PM',381,38),
  (153,'Oct 20, 2023','7:01 PM',169,6),
  (154,'Jun 19, 2022','4:58 PM',320,12),
  (155,'Jan 10, 2020','4:18 PM',71,7),
  (156,'Aug 22, 2023','4:59 PM',76,49),
  (157,'Sep 11, 2020','7:23 PM',393,39),
  (158,'Nov 13, 2021','7:14 PM',341,41),
  (159,'Jun 10, 2022','4:38 PM',142,45),
  (160,'Jan 31, 2022','2:00 PM',283,20);
INSERT INTO registration (registration_id,registration_date,registration_time,student_id,lesson_id)
VALUES
  (161,'Apr 3, 2023','3:46 PM',21,32),
  (162,'Nov 26, 2020','5:58 PM',127,22),
  (163,'Mar 22, 2022','6:12 PM',391,23),
  (164,'Apr 25, 2021','5:28 PM',134,20),
  (165,'Jan 28, 2023','5:54 PM',137,36),
  (166,'Apr 21, 2021','6:39 PM',58,47),
  (167,'Aug 18, 2020','3:39 PM',238,12),
  (168,'Sep 24, 2020','6:56 PM',48,29),
  (169,'Feb 19, 2023','7:23 PM',205,49),
  (170,'Sep 30, 2022','5:19 PM',399,6);
INSERT INTO registration (registration_id,registration_date,registration_time,student_id,lesson_id)
VALUES
  (171,'May 15, 2022','7:40 PM',109,40),
  (172,'Aug 29, 2022','3:34 PM',315,24),
  (173,'Jan 3, 2023','7:08 PM',376,48),
  (174,'Aug 31, 2021','2:32 PM',185,29),
  (175,'May 16, 2020','3:04 PM',304,42),
  (176,'Aug 30, 2020','3:28 PM',185,45),
  (177,'May 30, 2023','7:30 PM',54,22),
  (178,'Mar 14, 2022','6:56 PM',30,44),
  (179,'Aug 5, 2021','6:29 PM',259,37),
  (180,'Feb 5, 2022','5:16 PM',39,36);
INSERT INTO registration (registration_id,registration_date,registration_time,student_id,lesson_id)
VALUES
  (181,'Nov 28, 2019','5:53 PM',327,40),
  (182,'Jul 15, 2023','5:02 PM',326,45),
  (183,'Jul 15, 2023','5:39 PM',286,44),
  (184,'Oct 15, 2021','6:32 PM',283,22),
  (185,'May 29, 2022','5:55 PM',224,2),
  (186,'May 20, 2020','7:11 PM',309,30),
  (187,'Jun 11, 2021','5:01 PM',260,10),
  (188,'Apr 23, 2020','5:06 PM',157,30),
  (189,'Sep 19, 2023','3:10 PM',123,43),
  (190,'Oct 9, 2021','4:41 PM',76,30);
INSERT INTO registration (registration_id,registration_date,registration_time,student_id,lesson_id)
VALUES
  (191,'Dec 11, 2022','5:31 PM',75,38),
  (192,'Nov 29, 2022','7:01 PM',11,39),
  (193,'Mar 25, 2023','4:31 PM',331,25),
  (194,'Dec 23, 2021','6:56 PM',227,30),
  (195,'May 27, 2021','5:23 PM',84,26),
  (196,'Sep 24, 2021','4:48 PM',228,9),
  (197,'Apr 10, 2021','5:20 PM',386,48),
  (198,'Jul 4, 2020','6:36 PM',5,14),
  (199,'Oct 31, 2022','4:20 PM',15,2),
  (200,'Nov 28, 2019','4:32 PM',121,8);
INSERT INTO registration (registration_id,registration_date,registration_time,student_id,lesson_id)
VALUES
  (201,'Mar 5, 2022','2:17 PM',61,36),
  (202,'Jan 30, 2021','6:20 PM',120,15),
  (203,'Mar 5, 2022','2:18 PM',251,30),
  (204,'Sep 27, 2023','7:06 PM',238,46),
  (205,'Dec 31, 2020','7:59 PM',378,38),
  (206,'Oct 9, 2023','2:53 PM',247,43),
  (207,'Aug 8, 2022','2:47 PM',273,29),
  (208,'May 24, 2021','3:54 PM',54,39),
  (209,'Apr 28, 2022','7:40 PM',380,10),
  (210,'Jul 20, 2021','3:15 PM',318,26);
INSERT INTO registration (registration_id,registration_date,registration_time,student_id,lesson_id)
VALUES
  (211,'Jan 27, 2021','6:58 PM',364,12),
  (212,'Jan 30, 2023','3:38 PM',345,40),
  (213,'Dec 10, 2019','5:21 PM',388,31),
  (214,'Jul 28, 2021','5:27 PM',21,22),
  (215,'Oct 9, 2022','4:19 PM',99,21),
  (216,'Feb 5, 2022','3:53 PM',47,29),
  (217,'Oct 19, 2022','7:20 PM',92,3),
  (218,'Apr 29, 2021','5:48 PM',251,35),
  (219,'Mar 7, 2023','2:13 PM',370,27),
  (220,'Aug 8, 2022','6:11 PM',299,43);
INSERT INTO registration (registration_id,registration_date,registration_time,student_id,lesson_id)
VALUES
  (221,'Oct 13, 2023','2:19 PM',171,14),
  (222,'Sep 26, 2023','4:37 PM',332,7),
  (223,'May 30, 2020','5:30 PM',100,4),
  (224,'Nov 29, 2021','4:38 PM',257,13),
  (225,'Jun 10, 2021','4:09 PM',246,20),
  (226,'Feb 7, 2023','5:44 PM',144,16),
  (227,'Dec 26, 2019','2:30 PM',89,3),
  (228,'Aug 14, 2021','3:22 PM',177,32),
  (229,'Mar 21, 2023','4:08 PM',130,10),
  (230,'Jul 15, 2022','2:57 PM',272,45);
INSERT INTO registration (registration_id,registration_date,registration_time,student_id,lesson_id)
VALUES
  (231,'Mar 26, 2021','4:44 PM',54,12),
  (232,'Mar 22, 2022','3:10 PM',365,20),
  (233,'Aug 9, 2021','6:30 PM',16,20),
  (234,'Sep 8, 2021','6:29 PM',376,37),
  (235,'Oct 17, 2022','6:09 PM',321,6),
  (236,'Feb 8, 2020','6:20 PM',280,3),
  (237,'Mar 8, 2020','4:22 PM',376,39),
  (238,'May 15, 2022','7:25 PM',216,11),
  (239,'Jan 29, 2020','5:14 PM',25,26),
  (240,'Jan 29, 2020','6:17 PM',278,9);
INSERT INTO registration (registration_id,registration_date,registration_time,student_id,lesson_id)
VALUES
  (241,'May 15, 2023','3:14 PM',35,28),
  (242,'Aug 25, 2022','3:04 PM',22,36),
  (243,'Apr 30, 2020','6:23 PM',268,28),
  (244,'Oct 17, 2020','4:00 PM',392,37),
  (245,'Jun 26, 2021','3:06 PM',21,14),
  (246,'Mar 27, 2023','2:00 PM',21,2),
  (247,'Jun 3, 2020','4:42 PM',301,3),
  (248,'Oct 18, 2020','4:20 PM',268,29),
  (249,'Apr 9, 2021','6:33 PM',90,25),
  (250,'May 9, 2022','2:29 PM',81,47);
INSERT INTO registration (registration_id,registration_date,registration_time,student_id,lesson_id)
VALUES
  (251,'Oct 22, 2022','4:03 PM',11,15),
  (252,'Feb 9, 2022','3:35 PM',141,3),
  (253,'Feb 2, 2020','7:03 PM',40,15),
  (254,'Oct 24, 2021','5:56 PM',367,25),
  (255,'Jun 22, 2022','7:19 PM',333,32),
  (256,'May 5, 2021','3:02 PM',6,19),
  (257,'Sep 1, 2022','5:53 PM',116,2),
  (258,'Oct 8, 2022','7:30 PM',127,40),
  (259,'Mar 14, 2023','3:30 PM',117,2),
  (260,'Feb 7, 2020','2:47 PM',68,19);
INSERT INTO registration (registration_id,registration_date,registration_time,student_id,lesson_id)
VALUES
  (261,'Feb 26, 2020','4:45 PM',82,37),
  (262,'Aug 31, 2023','5:47 PM',256,16),
  (263,'May 9, 2021','3:01 PM',210,7),
  (264,'Mar 10, 2021','5:12 PM',211,5),
  (265,'Nov 12, 2020','4:15 PM',199,44),
  (266,'Dec 6, 2021','2:03 PM',40,40),
  (267,'Dec 16, 2022','3:26 PM',352,10),
  (268,'Mar 21, 2021','4:32 PM',25,36),
  (269,'Apr 28, 2021','7:23 PM',399,34),
  (270,'Mar 17, 2023','7:06 PM',72,13);
INSERT INTO registration (registration_id,registration_date,registration_time,student_id,lesson_id)
VALUES
  (271,'Jun 12, 2023','3:31 PM',168,41),
  (272,'Oct 23, 2020','3:18 PM',30,12),
  (273,'Jul 7, 2022','5:01 PM',187,6),
  (274,'Nov 9, 2023','5:30 PM',95,36),
  (275,'Apr 24, 2021','3:16 PM',7,23),
  (276,'Jan 21, 2023','2:16 PM',305,2),
  (277,'Dec 28, 2020','7:38 PM',142,19),
  (278,'Apr 28, 2023','3:24 PM',73,3),
  (279,'Sep 13, 2023','6:43 PM',304,17),
  (280,'May 8, 2021','6:35 PM',366,35);
INSERT INTO registration (registration_id,registration_date,registration_time,student_id,lesson_id)
VALUES
  (281,'Jul 18, 2023','6:32 PM',212,43),
  (282,'Jul 20, 2020','3:54 PM',313,11),
  (283,'Jul 27, 2021','7:38 PM',6,14),
  (284,'Jan 2, 2022','3:58 PM',379,9),
  (285,'Feb 20, 2020','3:24 PM',266,25),
  (286,'Jan 31, 2023','2:20 PM',116,18),
  (287,'Nov 17, 2021','2:43 PM',278,21),
  (288,'Jan 2, 2022','3:48 PM',352,40),
  (289,'Jul 21, 2023','5:36 PM',381,34),
  (290,'Mar 15, 2020','3:21 PM',171,21);
INSERT INTO registration (registration_id,registration_date,registration_time,student_id,lesson_id)
VALUES
  (291,'Dec 3, 2021','6:49 PM',189,38),
  (292,'Mar 1, 2020','6:56 PM',212,41),
  (293,'Jun 6, 2020','4:25 PM',88,10),
  (294,'Jul 15, 2021','2:58 PM',394,27),
  (295,'May 18, 2023','6:29 PM',143,42),
  (296,'Feb 18, 2023','5:07 PM',208,47),
  (297,'Nov 6, 2023','2:54 PM',82,36),
  (298,'Dec 10, 2019','6:44 PM',31,47),
  (299,'Jul 4, 2023','3:45 PM',210,10),
  (300,'Nov 12, 2022','4:02 PM',140,39);
INSERT INTO registration (registration_id,registration_date,registration_time,student_id,lesson_id)
VALUES
  (301,'Dec 19, 2020','4:30 PM',191,30),
  (302,'Mar 26, 2020','2:03 PM',97,14),
  (303,'Feb 18, 2023','2:19 PM',274,14),
  (304,'Apr 2, 2022','2:10 PM',284,13),
  (305,'Jan 15, 2023','2:20 PM',54,36),
  (306,'Dec 22, 2020','6:47 PM',163,40),
  (307,'Jun 10, 2020','4:03 PM',144,45),
  (308,'Jul 16, 2023','3:26 PM',373,32),
  (309,'Mar 28, 2020','5:22 PM',18,7),
  (310,'Feb 28, 2023','5:43 PM',70,9);
INSERT INTO registration (registration_id,registration_date,registration_time,student_id,lesson_id)
VALUES
  (311,'Apr 5, 2022','6:17 PM',285,2),
  (312,'Feb 11, 2020','5:47 PM',64,30),
  (313,'Oct 20, 2021','6:36 PM',151,46),
  (314,'Mar 19, 2020','7:46 PM',184,15),
  (315,'Sep 27, 2021','2:47 PM',254,40),
  (316,'Dec 1, 2019','7:04 PM',62,26),
  (317,'Jul 19, 2022','6:27 PM',48,32),
  (318,'Oct 27, 2020','2:01 PM',156,7),
  (319,'Mar 18, 2020','5:44 PM',349,43),
  (320,'Jan 2, 2022','7:52 PM',78,32);
INSERT INTO registration (registration_id,registration_date,registration_time,student_id,lesson_id)
VALUES
  (321,'Apr 18, 2020','4:52 PM',97,44),
  (322,'Sep 16, 2021','7:45 PM',101,9),
  (323,'Sep 27, 2022','2:58 PM',219,27),
  (324,'Jul 13, 2020','3:30 PM',388,35),
  (325,'Mar 15, 2020','7:36 PM',376,22),
  (326,'Sep 18, 2020','7:03 PM',143,5),
  (327,'Jul 2, 2023','3:46 PM',68,11),
  (328,'May 7, 2023','5:45 PM',379,23),
  (329,'Dec 22, 2019','5:32 PM',324,32),
  (330,'Jan 31, 2020','2:16 PM',167,23);
INSERT INTO registration (registration_id,registration_date,registration_time,student_id,lesson_id)
VALUES
  (331,'Jul 20, 2021','5:49 PM',159,44),
  (332,'Sep 9, 2022','3:39 PM',367,26),
  (333,'Jan 17, 2023','7:45 PM',126,47),
  (334,'Nov 3, 2021','5:57 PM',368,13),
  (335,'Jan 14, 2020','6:54 PM',275,34),
  (336,'Dec 21, 2020','7:42 PM',207,42),
  (337,'Mar 19, 2020','7:48 PM',89,46),
  (338,'Jul 9, 2022','4:27 PM',380,10),
  (339,'Dec 14, 2019','6:55 PM',247,44),
  (340,'Nov 6, 2022','4:20 PM',308,15);
INSERT INTO registration (registration_id,registration_date,registration_time,student_id,lesson_id)
VALUES
  (341,'May 3, 2022','2:06 PM',293,15),
  (342,'Mar 13, 2020','2:56 PM',54,28),
  (343,'May 4, 2022','3:08 PM',267,18),
  (344,'Mar 4, 2021','6:22 PM',90,6),
  (345,'Jan 3, 2021','7:10 PM',318,35),
  (346,'Jan 9, 2020','3:42 PM',29,20),
  (347,'Oct 21, 2021','4:03 PM',65,4),
  (348,'Jan 21, 2020','3:13 PM',334,16),
  (349,'Dec 30, 2022','5:17 PM',274,37),
  (350,'Jun 5, 2021','5:29 PM',205,4);
INSERT INTO registration (registration_id,registration_date,registration_time,student_id,lesson_id)
VALUES
  (351,'Dec 9, 2019','7:05 PM',151,26),
  (352,'May 18, 2021','7:33 PM',156,48),
  (353,'Dec 14, 2020','4:44 PM',25,26),
  (354,'Nov 28, 2021','6:18 PM',338,9),
  (355,'Oct 17, 2021','2:58 PM',295,32),
  (356,'Aug 6, 2023','6:19 PM',31,29),
  (357,'Feb 22, 2021','4:25 PM',387,49),
  (358,'Apr 28, 2021','4:05 PM',73,2),
  (359,'Jan 2, 2021','7:59 PM',354,31),
  (360,'May 7, 2020','6:30 PM',208,45);
INSERT INTO registration (registration_id,registration_date,registration_time,student_id,lesson_id)
VALUES
  (361,'Jun 24, 2022','6:40 PM',53,7),
  (362,'Sep 16, 2022','6:10 PM',204,42),
  (363,'Jul 26, 2021','4:52 PM',56,11),
  (364,'Jan 1, 2021','2:56 PM',275,40),
  (365,'May 7, 2020','5:14 PM',240,19),
  (366,'Jul 18, 2020','3:05 PM',159,14),
  (367,'Jun 6, 2023','2:46 PM',273,8),
  (368,'Nov 28, 2019','6:07 PM',81,38),
  (369,'Oct 16, 2023','7:32 PM',50,5),
  (370,'Aug 27, 2021','3:54 PM',179,17);
INSERT INTO registration (registration_id,registration_date,registration_time,student_id,lesson_id)
VALUES
  (371,'Oct 11, 2023','6:33 PM',208,16),
  (372,'May 11, 2023','4:51 PM',84,39),
  (373,'Apr 1, 2020','5:00 PM',16,37),
  (374,'Nov 17, 2020','7:53 PM',287,36),
  (375,'Feb 24, 2020','7:45 PM',118,22),
  (376,'Mar 21, 2022','5:16 PM',400,35),
  (377,'Jul 6, 2020','6:31 PM',38,42),
  (378,'Dec 30, 2022','7:05 PM',354,12),
  (379,'Oct 3, 2023','6:19 PM',199,3),
  (380,'Feb 16, 2023','5:49 PM',110,11);
INSERT INTO registration (registration_id,registration_date,registration_time,student_id,lesson_id)
VALUES
  (381,'Aug 9, 2023','5:36 PM',54,36),
  (382,'Aug 24, 2022','4:10 PM',88,42),
  (383,'May 30, 2022','3:37 PM',385,39),
  (384,'Nov 27, 2021','6:20 PM',106,30),
  (385,'Sep 14, 2023','7:05 PM',319,46),
  (386,'Aug 27, 2020','5:31 PM',16,2),
  (387,'Aug 15, 2020','3:43 PM',242,17),
  (388,'Dec 3, 2019','7:39 PM',14,23),
  (389,'Mar 24, 2021','5:23 PM',398,15),
  (390,'Mar 23, 2020','4:23 PM',276,23);
INSERT INTO registration (registration_id,registration_date,registration_time,student_id,lesson_id)
VALUES
  (391,'Dec 12, 2019','3:17 PM',229,16),
  (392,'Aug 3, 2021','3:24 PM',81,36),
  (393,'Jul 4, 2021','5:59 PM',250,33),
  (394,'Feb 11, 2022','6:26 PM',252,3),
  (395,'Jul 22, 2021','3:55 PM',305,6),
  (396,'Dec 5, 2019','5:14 PM',43,3),
  (397,'Aug 27, 2021','3:39 PM',254,47),
  (398,'Mar 27, 2022','5:58 PM',197,3),
  (399,'Feb 3, 2022','7:33 PM',381,31),
  (400,'Nov 22, 2022','2:01 PM',303,43);
INSERT INTO timeslot (start_time,timeslot_date,lesson_id,end_time,place)
VALUES
  ('2:46 PM','Dec 13, 2022',33,'4:37 PM','SalF'),
  ('2:49 PM','Jul 21, 2023',25,'4:57 PM','SalE'),
  ('2:30 PM','Mar 31, 2023',31,'4:37 PM','SalH'),
  ('3:59 PM','Dec 12, 2022',50,'4:58 PM','Salj'),
  ('2:47 PM','May 15, 2023',8,'4:40 PM','SalH'),
  ('3:49 PM','Jan 1, 2023',28,'4:52 PM','SalB'),
  ('3:28 PM','Dec 3, 2023',12,'4:51 PM','SalX'),
  ('3:10 PM','Mar 13, 2023',27,'4:53 PM','SalX'),
  ('3:46 PM','Jun 3, 2023',38,'4:41 PM','SalV'),
  ('3:46 PM','Oct 19, 2023',5,'4:45 PM','SalE');
INSERT INTO timeslot (start_time,timeslot_date,lesson_id,end_time,place)
VALUES
  ('2:25 PM','May 15, 2023',38,'4:49 PM','SalA'),
  ('3:02 PM','Mar 5, 2023',10,'4:30 PM','SalV'),
  ('3:21 PM','Aug 18, 2023',31,'4:52 PM','SalV'),
  ('2:14 PM','Sep 8, 2023',32,'4:54 PM','SalH'),
  ('3:34 PM','Apr 26, 2023',50,'4:46 PM','SalH'),
  ('3:33 PM','Jan 17, 2023',12,'4:51 PM','SalX'),
  ('3:37 PM','May 13, 2023',34,'4:37 PM','SalE'),
  ('3:19 PM','Jul 17, 2023',30,'4:49 PM','SalC'),
  ('3:51 PM','Sep 2, 2023',35,'4:40 PM','SalE'),
  ('2:20 PM','Mar 7, 2023',41,'4:34 PM','SalB');
INSERT INTO timeslot (start_time,timeslot_date,lesson_id,end_time,place)
VALUES
  ('2:07 PM','Dec 30, 2022',42,'4:57 PM','SalF'),
  ('2:54 PM','Mar 17, 2023',33,'4:57 PM','SalX'),
  ('3:57 PM','Nov 7, 2023',32,'4:34 PM','SalB'),
  ('3:26 PM','Dec 19, 2022',34,'4:45 PM','SalC'),
  ('3:59 PM','Sep 18, 2023',50,'4:48 PM','SalC'),
  ('2:11 PM','Jul 8, 2023',44,'4:45 PM','SalH'),
  ('2:24 PM','Mar 26, 2023',46,'4:41 PM','SalB'),
  ('3:16 PM','Apr 30, 2023',31,'4:48 PM','SalV'),
  ('3:32 PM','Apr 22, 2023',20,'4:45 PM','SalG'),
  ('3:10 PM','Aug 17, 2023',36,'4:42 PM','SalV');
INSERT INTO timeslot (start_time,timeslot_date,lesson_id,end_time,place)
VALUES
  ('2:18 PM','Jan 1, 2023',50,'4:56 PM','SalA'),
  ('3:52 PM','Aug 11, 2023',47,'4:37 PM','SalA'),
  ('3:39 PM','Jan 7, 2023',14,'4:50 PM','SalH'),
  ('3:33 PM','Apr 22, 2023',33,'4:42 PM','SalC'),
  ('3:24 PM','Apr 3, 2023',41,'4:57 PM','SalV'),
  ('2:04 PM','Nov 1, 2023',33,'4:49 PM','SalB'),
  ('2:42 PM','Jun 24, 2023',48,'4:52 PM','Salj'),
  ('3:59 PM','Dec 25, 2022',36,'4:55 PM','SalE'),
  ('3:20 PM','Nov 25, 2022',12,'4:38 PM','Salj'),
  ('2:40 PM','Aug 5, 2023',38,'4:51 PM','Salj');
INSERT INTO timeslot (start_time,timeslot_date,lesson_id,end_time,place)
VALUES
  ('2:28 PM','Jan 23, 2023',3,'4:44 PM','SalX'),
  ('3:46 PM','Nov 5, 2023',34,'4:58 PM','SalA'),
  ('3:35 PM','Mar 12, 2023',48,'4:56 PM','SalG'),
  ('2:21 PM','Aug 28, 2023',26,'4:50 PM','SalH'),
  ('3:28 PM','Jun 17, 2023',32,'4:38 PM','SalB'),
  ('3:07 PM','Feb 1, 2023',38,'4:54 PM','SalG'),
  ('2:56 PM','Aug 29, 2023',2,'4:41 PM','SalG'),
  ('2:29 PM','Apr 26, 2023',18,'4:40 PM','SalC'),
  ('3:22 PM','Sep 26, 2023',30,'4:50 PM','SalV'),
  ('2:17 PM','Nov 6, 2023',45,'4:36 PM','SalE');
INSERT INTO timeslot (start_time,timeslot_date,lesson_id,end_time,place)
VALUES
  ('2:50 PM','May 16, 2023',26,'4:38 PM','SalC'),
  ('2:13 PM','Mar 9, 2023',49,'4:47 PM','SalC'),
  ('2:31 PM','Jun 7, 2023',41,'4:40 PM','SalE'),
  ('2:34 PM','May 3, 2023',6,'4:50 PM','SalV'),
  ('2:02 PM','Oct 21, 2023',3,'4:51 PM','SalD'),
  ('2:05 PM','Oct 29, 2023',38,'4:50 PM','SalC'),
  ('2:20 PM','Oct 12, 2023',2,'4:56 PM','SalD'),
  ('2:41 PM','Aug 2, 2023',12,'4:32 PM','SalF'),
  ('3:42 PM','Apr 26, 2023',9,'4:42 PM','SalC'),
  ('2:14 PM','Feb 6, 2023',44,'4:44 PM','SalF');
INSERT INTO timeslot (start_time,timeslot_date,lesson_id,end_time,place)
VALUES
  ('3:54 PM','Jan 10, 2023',4,'4:36 PM','Salj'),
  ('2:29 PM','Jul 4, 2023',10,'4:49 PM','SalX'),
  ('2:35 PM','Sep 16, 2023',49,'4:43 PM','SalH'),
  ('2:31 PM','Sep 8, 2023',19,'4:58 PM','SalH'),
  ('2:42 PM','Oct 24, 2023',7,'4:47 PM','SalX'),
  ('2:14 PM','Jun 5, 2023',40,'4:59 PM','Salj'),
  ('2:06 PM','Sep 2, 2023',3,'4:40 PM','Salj'),
  ('2:07 PM','May 3, 2023',11,'4:48 PM','SalB'),
  ('3:34 PM','Jul 27, 2023',13,'4:36 PM','SalG'),
  ('2:15 PM','Mar 28, 2023',13,'4:31 PM','SalF');
INSERT INTO timeslot (start_time,timeslot_date,lesson_id,end_time,place)
VALUES
  ('3:24 PM','May 17, 2023',11,'4:36 PM','SalX'),
  ('2:52 PM','Jun 9, 2023',48,'4:40 PM','SalF'),
  ('3:30 PM','Dec 6, 2023',17,'4:52 PM','Salj'),
  ('2:33 PM','Jul 30, 2023',9,'4:52 PM','SalF'),
  ('3:10 PM','Apr 11, 2023',41,'4:54 PM','SalG'),
  ('3:11 PM','Dec 7, 2023',8,'4:49 PM','SalH'),
  ('3:40 PM','Sep 8, 2023',1,'4:56 PM','SalX'),
  ('2:00 PM','Nov 15, 2023',44,'4:51 PM','SalC'),
  ('3:00 PM','Aug 5, 2023',37,'4:56 PM','SalF'),
  ('3:25 PM','Nov 29, 2022',11,'4:31 PM','SalH');
INSERT INTO timeslot (start_time,timeslot_date,lesson_id,end_time,place)
VALUES
  ('2:12 PM','Jul 16, 2023',7,'4:47 PM','SalA'),
  ('2:57 PM','Dec 5, 2023',36,'4:45 PM','SalV'),
  ('2:34 PM','May 28, 2023',46,'4:41 PM','SalG'),
  ('2:57 PM','Sep 27, 2023',4,'4:31 PM','SalH'),
  ('3:07 PM','May 25, 2023',13,'4:45 PM','SalF'),
  ('3:42 PM','Oct 4, 2023',40,'4:42 PM','SalG'),
  ('3:31 PM','Jul 13, 2023',11,'4:45 PM','SalG'),
  ('3:21 PM','Mar 24, 2023',22,'4:36 PM','SalX'),
  ('2:48 PM','Nov 28, 2022',23,'4:55 PM','SalE'),
  ('3:18 PM','Oct 5, 2023',30,'4:55 PM','Salj');
INSERT INTO timeslot (start_time,timeslot_date,lesson_id,end_time,place)
VALUES
  ('3:28 PM','May 11, 2023',34,'4:51 PM','SalG'),
  ('3:55 PM','Jun 10, 2023',24,'4:55 PM','SalX'),
  ('2:05 PM','Aug 10, 2023',8,'4:31 PM','SalH'),
  ('3:39 PM','Jun 9, 2023',28,'4:40 PM','SalX'),
  ('2:49 PM','Apr 23, 2023',9,'4:36 PM','SalF'),
  ('2:18 PM','Oct 27, 2023',38,'4:44 PM','SalE'),
  ('2:40 PM','Oct 19, 2023',19,'4:30 PM','SalX'),
  ('2:09 PM','Mar 2, 2023',32,'4:58 PM','SalH'),
  ('2:24 PM','Jun 23, 2023',49,'4:54 PM','SalB'),
  ('2:55 PM','Sep 5, 2023',23,'4:32 PM','SalG');
INSERT INTO timeslot (start_time,timeslot_date,lesson_id,end_time,place)
VALUES
  ('3:51 PM','Nov 5, 2023',41,'4:54 PM','SalB'),
  ('2:03 PM','Oct 19, 2023',11,'4:43 PM','SalC'),
  ('3:45 PM','Dec 6, 2023',21,'4:32 PM','SalH'),
  ('2:40 PM','Sep 17, 2023',43,'4:38 PM','SalX'),
  ('3:59 PM','Nov 14, 2023',29,'4:43 PM','Salj'),
  ('2:17 PM','Jan 9, 2023',26,'4:57 PM','SalE'),
  ('3:07 PM','Nov 21, 2022',41,'4:47 PM','SalE'),
  ('2:17 PM','Apr 28, 2023',13,'4:43 PM','SalF'),
  ('2:52 PM','Apr 8, 2023',31,'4:44 PM','SalH'),
  ('3:21 PM','Jan 17, 2023',14,'4:30 PM','SalC');
INSERT INTO timeslot (start_time,timeslot_date,lesson_id,end_time,place)
VALUES
  ('2:03 PM','Dec 7, 2022',33,'4:42 PM','SalF'),
  ('3:14 PM','Feb 22, 2023',18,'4:45 PM','SalV'),
  ('2:04 PM','May 14, 2023',6,'4:59 PM','SalX'),
  ('3:13 PM','Dec 11, 2023',46,'4:57 PM','SalF'),
  ('2:01 PM','Dec 12, 2023',37,'4:46 PM','SalH'),
  ('2:20 PM','Dec 4, 2022',26,'4:30 PM','SalE'),
  ('2:21 PM','Jul 11, 2023',11,'4:42 PM','SalD'),
  ('2:25 PM','Oct 11, 2023',38,'4:57 PM','SalD'),
  ('2:16 PM','Nov 19, 2022',23,'4:40 PM','SalX'),
  ('2:34 PM','Sep 7, 2023',27,'4:43 PM','SalG');
INSERT INTO timeslot (start_time,timeslot_date,lesson_id,end_time,place)
VALUES
  ('2:48 PM','Jan 25, 2023',38,'4:59 PM','SalG'),
  ('3:51 PM','Nov 24, 2022',37,'4:36 PM','SalB'),
  ('2:10 PM','Dec 19, 2023',34,'4:46 PM','SalH'),
  ('3:53 PM','Aug 9, 2023',27,'4:44 PM','SalE'),
  ('2:50 PM','Aug 5, 2023',7,'4:58 PM','SalV'),
  ('3:14 PM','Aug 20, 2023',17,'4:37 PM','SalF'),
  ('2:01 PM','Mar 23, 2023',17,'4:57 PM','Salj'),
  ('3:55 PM','Nov 2, 2023',44,'4:34 PM','Salj'),
  ('3:08 PM','Apr 17, 2023',9,'4:45 PM','SalV'),
  ('3:49 PM','Jan 5, 2023',44,'4:58 PM','SalX');
INSERT INTO timeslot (start_time,timeslot_date,lesson_id,end_time,place)
VALUES
  ('2:28 PM','Jan 2, 2023',43,'4:30 PM','SalE'),
  ('3:16 PM','Apr 21, 2023',45,'4:43 PM','SalG'),
  ('3:22 PM','Apr 8, 2023',18,'4:32 PM','SalH'),
  ('3:37 PM','Dec 14, 2022',2,'4:46 PM','SalG'),
  ('2:13 PM','Oct 16, 2023',4,'4:47 PM','SalF'),
  ('3:04 PM','Dec 1, 2022',25,'4:32 PM','SalH'),
  ('3:02 PM','Jun 22, 2023',23,'4:43 PM','SalD'),
  ('2:10 PM','Jan 5, 2023',27,'4:51 PM','SalF'),
  ('2:06 PM','Nov 19, 2023',47,'4:36 PM','SalF'),
  ('3:56 PM','Jan 1, 2023',18,'4:48 PM','SalC');
INSERT INTO timeslot (start_time,timeslot_date,lesson_id,end_time,place)
VALUES
  ('3:22 PM','Jun 24, 2023',35,'4:30 PM','SalG'),
  ('3:25 PM','Feb 27, 2023',3,'4:54 PM','SalC'),
  ('2:45 PM','Apr 29, 2023',32,'4:51 PM','SalX'),
  ('3:52 PM','Dec 8, 2022',42,'4:38 PM','Salj'),
  ('2:28 PM','Feb 18, 2023',9,'4:39 PM','SalB'),
  ('2:46 PM','Jun 11, 2023',47,'4:46 PM','SalE'),
  ('3:36 PM','Nov 3, 2023',5,'4:32 PM','SalA'),
  ('3:26 PM','May 10, 2023',16,'4:32 PM','SalX'),
  ('3:13 PM','Aug 5, 2023',20,'4:39 PM','Salj'),
  ('3:31 PM','Oct 19, 2023',28,'4:57 PM','SalV');
INSERT INTO timeslot (start_time,timeslot_date,lesson_id,end_time,place)
VALUES
  ('3:01 PM','Mar 3, 2023',43,'4:44 PM','SalG'),
  ('2:24 PM','Aug 6, 2023',9,'4:42 PM','SalH'),
  ('3:44 PM','Mar 7, 2023',48,'4:38 PM','SalD'),
  ('2:04 PM','Dec 15, 2023',43,'4:47 PM','SalF'),
  ('2:43 PM','Nov 21, 2022',23,'4:33 PM','SalD'),
  ('2:53 PM','Sep 28, 2023',21,'4:33 PM','SalA'),
  ('2:35 PM','Nov 27, 2022',16,'4:47 PM','SalV'),
  ('3:04 PM','May 12, 2023',24,'4:45 PM','SalX'),
  ('2:17 PM','Feb 20, 2023',25,'4:52 PM','SalG'),
  ('3:12 PM','Oct 20, 2023',44,'4:31 PM','SalD');
INSERT INTO timeslot (start_time,timeslot_date,lesson_id,end_time,place)
VALUES
  ('2:15 PM','Sep 16, 2023',40,'4:51 PM','SalG'),
  ('3:12 PM','Aug 17, 2023',35,'4:57 PM','SalD'),
  ('2:59 PM','Apr 12, 2023',23,'4:45 PM','SalX'),
  ('3:01 PM','Jun 9, 2023',4,'4:34 PM','SalX'),
  ('3:01 PM','Feb 25, 2023',28,'4:33 PM','SalG'),
  ('3:22 PM','Dec 28, 2022',48,'4:55 PM','SalB'),
  ('3:20 PM','Aug 1, 2023',49,'4:46 PM','SalD'),
  ('2:23 PM','Sep 7, 2023',10,'4:36 PM','SalX'),
  ('2:28 PM','Jun 27, 2023',22,'4:36 PM','SalX'),
  ('3:27 PM','Nov 29, 2023',36,'4:41 PM','SalE');
INSERT INTO timeslot (start_time,timeslot_date,lesson_id,end_time,place)
VALUES
  ('2:39 PM','Sep 23, 2023',36,'4:36 PM','SalH'),
  ('3:51 PM','Aug 24, 2023',27,'4:47 PM','SalV'),
  ('3:16 PM','Mar 18, 2023',47,'4:50 PM','SalD'),
  ('3:22 PM','Mar 13, 2023',4,'4:53 PM','SalG'),
  ('2:59 PM','Apr 7, 2023',27,'4:54 PM','SalG'),
  ('2:17 PM','Dec 13, 2023',9,'4:47 PM','SalX'),
  ('2:52 PM','Mar 2, 2023',35,'4:56 PM','SalX'),
  ('3:00 PM','Dec 3, 2023',27,'4:52 PM','SalH'),
  ('3:09 PM','Mar 25, 2023',9,'4:42 PM','SalX'),
  ('3:54 PM','Oct 29, 2023',5,'4:58 PM','SalC');
INSERT INTO timeslot (start_time,timeslot_date,lesson_id,end_time,place)
VALUES
  ('2:48 PM','Jan 30, 2023',34,'4:52 PM','SalX'),
  ('2:55 PM','Sep 7, 2023',10,'4:57 PM','SalD'),
  ('2:08 PM','Jul 24, 2023',33,'4:54 PM','SalD'),
  ('2:14 PM','Sep 26, 2023',11,'4:30 PM','SalC'),
  ('3:34 PM','Dec 30, 2022',47,'4:43 PM','SalC'),
  ('3:10 PM','May 11, 2023',6,'4:55 PM','Salj'),
  ('2:14 PM','Sep 25, 2023',13,'4:47 PM','SalB'),
  ('2:26 PM','Nov 30, 2023',28,'4:38 PM','SalG'),
  ('2:43 PM','Nov 28, 2022',5,'4:31 PM','SalH'),
  ('2:36 PM','Apr 20, 2023',49,'4:30 PM','SalD');
INSERT INTO timeslot (start_time,timeslot_date,lesson_id,end_time,place)
VALUES
  ('3:28 PM','Mar 9, 2023',8,'4:57 PM','SalH'),
  ('2:11 PM','Aug 23, 2023',36,'4:53 PM','SalB'),
  ('3:41 PM','Mar 11, 2023',22,'4:39 PM','SalX'),
  ('2:01 PM','Jul 7, 2023',14,'4:48 PM','SalX'),
  ('2:22 PM','Jan 22, 2023',35,'4:58 PM','SalV'),
  ('3:39 PM','Feb 3, 2023',13,'4:42 PM','SalB'),
  ('2:14 PM','Apr 28, 2023',26,'4:39 PM','SalD'),
  ('3:38 PM','Apr 5, 2023',45,'4:56 PM','SalC'),
  ('3:29 PM','Aug 18, 2023',42,'4:48 PM','SalB'),
  ('2:56 PM','Mar 25, 2023',16,'4:59 PM','SalB');
INSERT INTO timeslot (start_time,timeslot_date,lesson_id,end_time,place)
VALUES
  ('3:28 PM','Dec 1, 2023',40,'4:57 PM','SalH'),
  ('2:11 PM','Dec 2, 2023',46,'4:53 PM','SalB'),
  ('3:41 PM','Dec 1, 2023',42,'4:39 PM','SalX'),
  ('2:01 PM','Dec 2, 2023',44,'4:48 PM','SalX'),
  ('2:22 PM','Dec 3, 2023',45,'4:58 PM','SalV'),
  ('3:39 PM','Dec 4, 2023',43,'4:42 PM','SalB'),
  ('2:14 PM','Dec 1, 2023',46,'4:39 PM','SalD'),
  ('3:38 PM','Dec 3, 2023',45,'4:56 PM','SalC'),
  ('3:29 PM','Dec 4, 2023',42,'4:48 PM','SalB'),
  ('2:56 PM','Dec 4, 2023',46,'4:59 PM','SalB');
  INSERT INTO company_policy (selected_value,start_valid_date, end_valid_date,description_id)
VALUES
  (2,'Dec 13, 2022','Dec 13, 2024',1),
  (12,'Dec 13, 2022','Dec 13, 2024',2),
  (0.8,'Dec 13, 2022','Dec 13, 2024',3);
  INSERT INTO ensemble_lesson (ensemble_id,genre,min_number_of_student,max_number_of_student,lesson_id)
VALUES
  (1,'(EDM)',5,23,47),
  (2,'Dance',5,21,44),
  (3,'Jazz',6,20,40),
  (4,'Country',6,23,50),
  (5,'Music',6,23,48),
  (6,'Dance',5,20,46),
  (7,'Hip',5,25,47),
  (8,'(EDM)',6,22,40),
  (9,'Reggae',6,20,43),
  (10,'Jazz',5,24,48);
INSERT INTO ensemble_lesson (ensemble_id,genre,min_number_of_student,max_number_of_student,lesson_id)
VALUES
  (11,'Music',5,21,49),
  (12,'Reggae',5,25,49),
  (13,'Music',6,21,43),
  (14,'Dance',5,24,42),
  (15,'Music',6,21,41),
  (16,'Country',6,23,48),
  (17,'Electronic',6,24,40),
  (18,'Hop',6,22,43),
  (19,'Country',5,21,50),
  (20,'Country',5,21,44);
INSERT INTO ensemble_lesson (ensemble_id,genre,min_number_of_student,max_number_of_student,lesson_id)
VALUES
  (21,'Hip',5,21,47),
  (22,'Country',6,22,45),
  (23,'Music',6,23,49),
  (24,'Electronic',6,22,43),
  (25,'Jazz',6,21,41),
  (26,'Jazz',6,23,43),
  (27,'Hip',5,23,42),
  (28,'Electronic',5,22,43),
  (29,'Reggae',5,23,48),
  (30,'Country',5,23,48);
INSERT INTO ensemble_lesson (ensemble_id,genre,min_number_of_student,max_number_of_student,lesson_id)
VALUES
  (31,'(EDM)',6,24,48),
  (32,'Hop',6,25,46),
  (33,'(EDM)',5,22,46),
  (34,'Electronic',5,22,42),
  (35,'Reggae',6,21,41),
  (36,'Music',6,21,45),
  (37,'Music',5,24,45),
  (38,'Country',5,23,43),
  (39,'Jazz',5,22,44),
  (40,'Electronic',5,23,48);
INSERT INTO group_lesson (group_id,instrument_used,min_number_of_student,max_number_of_student,lesson_id)
VALUES
  (1,'bass',6,25,22),
  (2,'Oboe',6,22,24),
  (3,'Ukulele',5,24,23),
  (4,'Clarinet',6,24,4),
  (5,'Violin',6,21,23),
  (6,'set',5,24,28),
  (7,'Piano',6,23,6),
  (8,'set',6,22,19),
  (9,'French',5,23,26),
  (10,'Banjo',5,22,9);
INSERT INTO group_lesson (group_id,instrument_used,min_number_of_student,max_number_of_student,lesson_id)
VALUES
  (11,'Cello',5,20,2),
  (12,'French',5,20,10),
  (13,'French',6,20,25),
  (14,'Trumpet',5,20,6),
  (15,'guitar',6,22,19),
  (16,'Flute',6,24,22),
  (17,'Guitar',6,20,22),
  (18,'Trumpet',6,21,3),
  (19,'Saxophone',6,23,3),
  (20,'bass',5,24,10);
INSERT INTO group_lesson (group_id,instrument_used,min_number_of_student,max_number_of_student,lesson_id)
VALUES
  (21,'Trumpet',5,21,19),
  (22,'Flute',6,22,24),
  (23,'Saxophone',6,25,23),
  (24,'Violin',6,24,17),
  (25,'Trombone',6,20,23),
  (26,'Accordion',6,22,8),
  (27,'Cello',5,20,24),
  (28,'Violin',6,21,8),
  (29,'Xylophone',6,20,7),
  (30,'set',5,21,6);
INSERT INTO group_lesson (group_id,instrument_used,min_number_of_student,max_number_of_student,lesson_id)
VALUES
  (31,'Drum',5,22,16),
  (32,'Drum',5,23,21),
  (33,'Accordion',5,23,26),
  (34,'guitar',5,23,4),
  (35,'Drum',6,24,22),
  (36,'guitar',6,25,19),
  (37,'Drum',5,23,5),
  (38,'guitar',6,22,12),
  (39,'Guitar',6,22,26),
  (40,'Djembe',6,22,16);
INSERT INTO group_lesson (group_id,instrument_used,min_number_of_student,max_number_of_student,lesson_id)
VALUES
  (41,'Trumpet',5,22,13),
  (42,'Banjo',6,24,11),
  (43,'Oboe',5,22,22),
  (44,'French',6,21,14),
  (45,'Djembe',6,21,20),
  (46,'Piano',5,23,24),
  (47,'Saxophone',6,25,3),
  (48,'Flute',6,25,20),
  (49,'set',5,23,16),
  (50,'French',6,24,17);
INSERT INTO group_lesson (group_id,instrument_used,min_number_of_student,max_number_of_student,lesson_id)
VALUES
  (51,'Ukulele',5,20,16),
  (52,'guitar',6,20,12),
  (53,'Ukulele',5,23,4),
  (54,'Banjo',5,22,6),
  (55,'Drum',5,24,9),
  (56,'Banjo',6,20,25),
  (57,'Flute',5,22,18),
  (58,'Guitar',6,23,30),
  (59,'Harp',6,23,21),
  (60,'guitar',6,24,30);
INSERT INTO group_lesson (group_id,instrument_used,min_number_of_student,max_number_of_student,lesson_id)
VALUES
  (61,'Saxophone',5,21,3),
  (62,'guitar',5,20,13),
  (63,'Trumpet',5,24,28),
  (64,'Electric',6,23,4),
  (65,'set',5,24,19),
  (66,'Flute',5,21,27),
  (67,'horn',5,20,11),
  (68,'Violin',6,22,28),
  (69,'Flute',6,22,6),
  (70,'Flute',6,23,29);
INSERT INTO group_lesson (group_id,instrument_used,min_number_of_student,max_number_of_student,lesson_id)
VALUES
  (71,'Guitar',6,21,29),
  (72,'Djembe',6,23,6),
  (73,'set',5,20,23),
  (74,'Flute',6,21,1),
  (75,'Saxophone',6,24,20),
  (76,'Piano',6,25,13),
  (77,'bass',5,25,10),
  (78,'bass',6,20,13),
  (79,'set',6,22,11),
  (80,'horn',6,23,13);
INSERT INTO group_lesson (group_id,instrument_used,min_number_of_student,max_number_of_student,lesson_id)
VALUES
  (81,'set',5,24,6),
  (82,'Cello',6,24,26),
  (83,'Guitar',5,23,5),
  (84,'French',6,20,7),
  (85,'Violin',5,23,26),
  (86,'Violin',6,25,10),
  (87,'French',6,23,2),
  (88,'Clarinet',5,25,1),
  (89,'bass',6,23,27),
  (90,'guitar',5,21,23);
INSERT INTO group_lesson (group_id,instrument_used,min_number_of_student,max_number_of_student,lesson_id)
VALUES
  (91,'horn',6,24,27),
  (92,'set',5,22,17),
  (93,'Djembe',6,23,22),
  (94,'bass',6,22,1),
  (95,'set',6,22,6),
  (96,'Drum',5,23,2),
  (97,'Saxophone',6,23,8),
  (98,'Djembe',6,21,10),
  (99,'guitar',6,21,10),
  (100,'Clarinet',5,23,4);
INSERT INTO individual_lesson (individual_id,instrument_used,lesson_id)
VALUES
  (1,'French',32),
  (2,'Violin',33),
  (3,'Cello',37),
  (4,'Accordion',35),
  (5,'Trombone',33),
  (6,'Ukulele',34),
  (7,'Cello',37),
  (8,'Bagpipes',34),
  (9,'Trumpet',32),
  (10,'Saxophone',32);
INSERT INTO individual_lesson (individual_id,instrument_used,lesson_id)
VALUES
  (11,'Xylophone',31),
  (12,'Clarinet',36),
  (13,'Accordion',39),
  (14,'Oboe',36),
  (15,'French',38),
  (16,'French',37),
  (17,'Drum',36),
  (18,'Drum',33),
  (19,'bass',35),
  (20,'set',34);
INSERT INTO individual_lesson (individual_id,instrument_used,lesson_id)
VALUES
  (21,'French',32),
  (22,'Trumpet',31),
  (23,'guitar',34),
  (24,'set',35),
  (25,'French',31),
  (26,'set',38),
  (27,'Xylophone',31),
  (28,'Cello',31),
  (29,'bass',34),
  (30,'Djembe',31);
INSERT INTO individual_lesson (individual_id,instrument_used,lesson_id)
VALUES
  (31,'bass',35),
  (32,'Flute',35),
  (33,'set',31),
  (34,'Flute',37),
  (35,'Drum',35),
  (36,'Xylophone',33),
  (37,'Accordion',33),
  (38,'Djembe',36),
  (39,'guitar',38),
  (40,'French',36);
INSERT INTO individual_lesson (individual_id,instrument_used,lesson_id)
VALUES
  (41,'Electric',32),
  (42,'Harp',37),
  (43,'Electric',31),
  (44,'guitar',33),
  (45,'Trumpet',31),
  (46,'guitar',37),
  (47,'Banjo',36),
  (48,'Oboe',32),
  (49,'bass',31),
  (50,'Trumpet',31);
INSERT INTO individual_lesson (individual_id,instrument_used,lesson_id)
VALUES
  (51,'Xylophone',39),
  (52,'Trumpet',33),
  (53,'Piano',35),
  (54,'bass',34),
  (55,'Banjo',31),
  (56,'Harp',33),
  (57,'Banjo',32),
  (58,'Drum',35),
  (59,'Drum',37),
  (60,'Flute',32);
